ID,Name,Email,Department,Position,Salary,Hire_Date,Location,Manager,Status,Phone,Address,City,State,Zip_Code,Country,Performance_Rating,Years_Experience,Education,Certifications
1001,Teresa Evans,teresa.evans1@company.com,Legal,Software Engineer,117328,2019-08-04,San Francisco,David Miller,Active,+1-555-2279,6684 Main Ln,San Francisco,IL,11186,USA,4.5,4,MBA,PMP Certified
1002,Sandra Parker,sandra.parker2@company.com,Finance,Coordinator,168437,2017-05-21,Chicago,Sarah Johnson,Active,+1-555-9370,6723 Cedar Dr,Chicago,NY,85118,USA,3.9,3,Masters,AWS Certified
1003,Gary Clark,gary.clark3@company.com,Sales,Analyst,160678,2020-11-26,Los Angeles,Thomas Clark,Active,+1-555-5543,4898 Main Ave,Los Angeles,FL,19525,USA,4.9,12,PhD,Scrum Master
1004,Larry Parker,larry.parker4@company.com,Engineering,Manager,54402,2015-01-23,Portland,David Miller,Active,+1-555-9747,6747 Main Ln,Portland,MA,47039,USA,4.4,2,Bachelors,PMP Certified
1005,Michael Cook,michael.cook5@company.com,Product,Coordinator,115866,2016-02-16,Denver,David Miller,Active,+1-555-3622,2473 Maple St,Denver,MA,61804,USA,4.6,8,Masters,PMP Certified
1006,Angela Cook,angela.cook6@company.com,Customer Success,VP,235446,2019-12-10,Miami,Christopher Wright,Active,+1-555-6063,8165 Main Dr,Miami,NY,57331,USA,3.8,16,Masters,CPA
1007,David Chen,david.chen7@company.com,Customer Success,Lead,191463,2024-11-12,Austin,Sarah Johnson,Active,+1-555-2485,8479 Oak Ln,Austin,CO,25652,USA,4.5,20,PhD,Salesforce Certified
1008,Jennifer Martinez,jennifer.martinez8@company.com,HR,Principal Engineer,238514,2018-11-27,Miami,Sarah Johnson,Active,+1-555-6211,4384 Pine Rd,Miami,WA,28855,USA,4.7,7,Bachelors,Scrum Master
1009,Thomas Edwards,thomas.edwards9@company.com,Customer Success,Lead,248465,2022-08-14,Denver,Thomas Clark,Active,+1-555-2107,9348 Pine Ln,Denver,WA,56943,USA,4.9,9,Bachelors,SHRM-CP
1010,Betty Nelson,betty.nelson10@company.com,Customer Success,Specialist,235726,2017-02-08,Portland,David Miller,Active,+1-555-9029,245 Maple Ave,Portland,MA,62345,USA,4.8,18,Associates,CPA
1011,Eric Morris,eric.morris11@company.com,Customer Success,Director,168416,2018-01-20,San Francisco,Robert Chen,Active,+1-555-0688,8844 Pine Dr,San Francisco,IL,54334,USA,5.0,19,Masters,Scrum Master
1012,Jeffrey Perez,jeffrey.perez12@company.com,IT,Coordinator,135944,2020-09-28,New York,Linda Harris,Active,+1-555-2152,4163 Maple Ln,New York,GA,97561,USA,4.0,8,MBA,Google Cloud Certified
1013,Betty Rogers,betty.rogers13@company.com,Customer Success,Manager,70807,2021-09-14,Portland,Christopher Wright,Active,+1-555-0508,5858 Oak St,Portland,GA,57969,USA,4.4,18,PhD,Google Cloud Certified
1014,Frank Carter,frank.carter14@company.com,Finance,Manager,137102,2020-02-11,Austin,Christopher Wright,Active,+1-555-3231,9957 Elm St,Austin,CO,68766,USA,4.5,14,Associates,Salesforce Certified
1015,Patricia Young,patricia.young15@company.com,Customer Success,Architect,247807,2023-03-05,Denver,Sarah Johnson,Active,+1-555-5700,8120 Cedar Ave,Denver,OR,80577,USA,4.8,14,Masters,Google Cloud Certified
1016,John Edwards,john.edwards16@company.com,Finance,VP,109989,2016-10-09,Boston,George Lewis,Active,+1-555-1950,9333 Pine Rd,Boston,OR,77620,USA,4.3,2,Associates,SHRM-CP
1017,Linda Murphy,linda.murphy17@company.com,Marketing,Coordinator,59601,2023-04-20,Boston,Robert Chen,Active,+1-555-4353,8490 Cedar St,Boston,CA,41273,USA,4.1,5,Masters,CPA
1018,Brian Garcia,brian.garcia18@company.com,IT,Director,191103,2023-07-24,Denver,Michael Brown,Active,+1-555-1583,1867 Pine Rd,Denver,CA,12471,USA,4.3,15,PhD,CISSP
1019,Cynthia Morgan,cynthia.morgan19@company.com,Finance,VP,208782,2023-06-16,San Francisco,Robert Chen,Active,+1-555-2443,7978 Oak Ln,San Francisco,CO,46166,USA,4.0,11,Associates,AWS Certified
1020,Betty Adams,betty.adams20@company.com,Legal,VP,153259,2020-01-02,Atlanta,George Lewis,Active,+1-555-4534,9974 Maple St,Atlanta,WA,30427,USA,3.5,14,Associates,AWS Certified
1021,Steven Cook,steven.cook21@company.com,Marketing,Coordinator,93680,2024-12-20,Los Angeles,Thomas Clark,Active,+1-555-1341,5434 Cedar Ave,Los Angeles,CO,68351,USA,3.6,2,Bachelors,PMP Certified
1022,Maria Roberts,maria.roberts22@company.com,Engineering,Lead,107089,2023-12-15,Austin,George Lewis,Active,+1-555-4934,6240 Main Ave,Austin,GA,73047,USA,4.6,16,MBA,PMP Certified
1023,Susan Roberts,susan.roberts23@company.com,Sales,Principal Engineer,89077,2020-09-25,Atlanta,David Miller,Active,+1-555-9948,4392 Cedar Ln,Atlanta,NY,80308,USA,4.5,8,Associates,CISSP
1024,Dorothy Phillips,dorothy.phillips24@company.com,IT,Principal Engineer,100669,2022-10-06,San Francisco,Christopher Wright,Active,+1-555-8719,5676 Main Rd,San Francisco,TX,41561,USA,3.6,16,PhD,AWS Certified
1025,Ruth Davis,ruth.davis25@company.com,Product,Lead,152793,2022-06-10,Miami,Michael Brown,Active,+1-555-6304,9746 Oak Dr,Miami,MA,42628,USA,4.7,5,Associates,Salesforce Certified
1026,Donna Morris,donna.morris26@company.com,Operations,Principal Engineer,221972,2022-01-25,Denver,Michael Brown,Active,+1-555-1087,3055 Maple Dr,Denver,WA,66481,USA,4.2,15,PhD,Google Cloud Certified
1027,Sarah Davis,sarah.davis27@company.com,Sales,Lead,65686,2016-12-08,Boston,Christopher Wright,Active,+1-555-7431,8198 Oak Dr,Boston,OR,50210,USA,4.2,17,PhD,PMP Certified
1028,Steven Lee,steven.lee28@company.com,HR,Architect,72689,2019-05-25,Chicago,Christopher Wright,Active,+1-555-6628,6270 Oak Ave,Chicago,CO,20822,USA,4.5,13,Masters,SHRM-CP
1029,Emma Edwards,emma.edwards29@company.com,Engineering,Principal Engineer,224275,2015-10-20,Denver,Linda Harris,Active,+1-555-4660,9421 Main Rd,Denver,MA,66990,USA,5.0,3,Masters,Google Cloud Certified
1030,Edward Davis,edward.davis30@company.com,Executive,Analyst,233317,2021-08-12,Portland,Sarah Johnson,Active,+1-555-0527,991 Main Ave,Portland,OR,47767,USA,4.7,9,Associates,AWS Certified
1031,Emma Scott,emma.scott31@company.com,Engineering,Principal Engineer,128675,2018-02-11,Seattle,Thomas Clark,Active,+1-555-6110,7680 Main Ave,Seattle,MA,45085,USA,4.5,1,PhD,Google Cloud Certified
1032,Angela Perez,angela.perez32@company.com,Marketing,Software Engineer,207333,2015-02-20,Seattle,Robert Chen,Active,+1-555-4583,2815 Elm Rd,Seattle,CO,34905,USA,4.6,7,PhD,AWS Certified
1033,Daniel Clark,daniel.clark33@company.com,Legal,Software Engineer,203122,2021-01-02,Austin,David Miller,Active,+1-555-6643,5955 Maple Ave,Austin,NY,46470,USA,3.9,8,PhD,PMP Certified
1034,Lisa Harris,lisa.harris34@company.com,Engineering,Analyst,97717,2024-07-09,Chicago,Linda Harris,Active,+1-555-5373,7011 Pine Dr,Chicago,FL,29779,USA,3.8,10,Bachelors,CISSP
1035,Deborah Allen,deborah.allen35@company.com,Executive,Lead,205314,2019-10-18,Dallas,George Lewis,Active,+1-555-5997,9321 Main St,Dallas,CO,12978,USA,4.6,18,Bachelors,CPA
1036,Larry Nelson,larry.nelson36@company.com,HR,Manager,88542,2016-11-26,Portland,George Lewis,Active,+1-555-0928,2751 Elm Ave,Portland,WA,66590,USA,4.5,10,Associates,CISSP
1037,Paul Johnson,paul.johnson37@company.com,Finance,Manager,226436,2021-03-03,San Francisco,David Miller,Active,+1-555-3529,8366 Main Dr,San Francisco,FL,91183,USA,4.8,4,MBA,AWS Certified
1038,John Bell,john.bell38@company.com,Marketing,Coordinator,182389,2020-11-26,Seattle,Michael Brown,Active,+1-555-6901,9356 Maple Ln,Seattle,CA,57030,USA,4.1,3,Associates,SHRM-CP
1039,Thomas Parker,thomas.parker39@company.com,Executive,Specialist,160018,2018-12-13,Miami,Robert Chen,Active,+1-555-5503,9173 Main St,Miami,FL,28070,USA,3.8,16,PhD,CPA
1040,Dorothy Nelson,dorothy.nelson40@company.com,Sales,Coordinator,235533,2019-06-16,Chicago,David Miller,Active,+1-555-4798,9003 Pine Ln,Chicago,GA,57416,USA,4.3,6,MBA,Scrum Master
1041,James Murphy,james.murphy41@company.com,Product,Specialist,216113,2016-11-28,Atlanta,Christopher Wright,Active,+1-555-4823,1026 Main St,Atlanta,MA,86112,USA,4.7,19,Associates,AWS Certified
1042,Teresa Brown,teresa.brown42@company.com,IT,Director,104293,2016-02-08,Atlanta,Michael Brown,Active,+1-555-6475,1936 Main Ln,Atlanta,OR,90948,USA,4.8,7,PhD,PMP Certified
1043,Sandra Young,sandra.young43@company.com,Sales,Director,131351,2020-10-26,Denver,David Miller,Active,+1-555-0841,3121 Elm Rd,Denver,CO,19393,USA,4.1,18,MBA,Salesforce Certified
1044,Deborah Morris,deborah.morris44@company.com,HR,Coordinator,72177,2021-01-02,Portland,David Miller,Active,+1-555-0352,7751 Oak Ln,Portland,TX,99936,USA,3.5,16,PhD,PMP Certified
1045,Edward Lee,edward.lee45@company.com,Finance,Architect,101705,2020-04-25,San Francisco,Patricia White,Active,+1-555-6029,6695 Oak Ln,San Francisco,OR,80422,USA,4.6,6,Bachelors,SHRM-CP
1046,Lisa Miller,lisa.miller46@company.com,Executive,Director,157447,2017-08-14,Seattle,Robert Chen,Active,+1-555-4277,4686 Elm Rd,Seattle,MA,48297,USA,4.3,19,MBA,CPA
1047,Brian Nelson,brian.nelson47@company.com,Design,Principal Engineer,177238,2018-11-22,Los Angeles,George Lewis,Active,+1-555-2485,6908 Cedar Ln,Los Angeles,NY,99692,USA,4.7,11,Associates,CISSP
1048,Jason King,jason.king48@company.com,Operations,Analyst,176294,2018-11-03,Boston,George Lewis,Active,+1-555-1303,2024 Pine Rd,Boston,CA,66318,USA,4.0,20,Bachelors,Google Cloud Certified
1049,Betty Edwards,betty.edwards49@company.com,Legal,Senior Software Engineer,204028,2024-03-19,Boston,Sarah Johnson,Active,+1-555-7218,6412 Pine Rd,Boston,NY,45503,USA,4.9,20,Associates,CISSP
1050,Jennifer Cook,jennifer.cook50@company.com,IT,Architect,166953,2016-04-08,Chicago,Linda Harris,Active,+1-555-7845,5187 Maple Ave,Chicago,OR,73471,USA,4.4,19,Masters,PMP Certified
1051,Donna Brown,donna.brown51@company.com,Engineering,Manager,192427,2019-10-12,Chicago,Robert Chen,Active,+1-555-0776,8957 Elm Rd,Chicago,CA,55028,USA,3.7,4,Masters,AWS Certified
1052,Deborah Scott,deborah.scott52@company.com,Legal,Software Engineer,241508,2016-07-23,New York,Michael Brown,Active,+1-555-1114,3088 Maple Rd,New York,CA,33646,USA,5.0,6,PhD,Google Cloud Certified
1053,Lisa Mitchell,lisa.mitchell53@company.com,Finance,Specialist,169240,2019-09-27,Miami,Linda Harris,Active,+1-555-6185,8589 Cedar Dr,Miami,GA,37330,USA,4.7,11,PhD,CISSP
1054,Maria Garcia,maria.garcia54@company.com,Legal,Analyst,123396,2023-07-05,Atlanta,Linda Harris,Active,+1-555-4775,1092 Oak Rd,Atlanta,OR,50012,USA,3.9,1,PhD,CISSP
1055,Frank Evans,frank.evans55@company.com,Product,Lead,190629,2023-02-13,Dallas,Thomas Clark,Active,+1-555-2115,4852 Main Rd,Dallas,FL,61280,USA,4.3,5,Associates,AWS Certified
1056,Betty Clark,betty.clark56@company.com,HR,VP,70418,2017-10-14,Seattle,Thomas Clark,Active,+1-555-4090,1003 Maple Ave,Seattle,GA,58753,USA,5.0,15,Bachelors,AWS Certified
1057,Kevin Lee,kevin.lee57@company.com,Engineering,Specialist,218401,2018-11-24,San Francisco,Patricia White,Active,+1-555-1264,4264 Main St,San Francisco,WA,12543,USA,4.1,13,Masters,Scrum Master
1058,Maria Lee,maria.lee58@company.com,IT,Software Engineer,131055,2021-07-20,New York,Sarah Johnson,Active,+1-555-7120,8927 Maple Ave,New York,OR,23778,USA,4.9,3,Associates,CPA
1059,David Miller,david.miller59@company.com,Design,Coordinator,231696,2020-02-04,Austin,Robert Chen,Active,+1-555-1392,215 Oak Ave,Austin,MA,77504,USA,3.5,11,Bachelors,Google Cloud Certified
1060,Maria Martinez,maria.martinez60@company.com,Customer Success,Specialist,215507,2015-04-06,Boston,Patricia White,Active,+1-555-4893,1060 Main Ln,Boston,WA,58211,USA,3.7,10,Masters,Scrum Master
1061,Laura Turner,laura.turner61@company.com,HR,Analyst,156101,2017-02-26,New York,Sarah Johnson,Active,+1-555-6661,1763 Elm St,New York,TX,46523,USA,4.2,1,Masters,CISSP
1062,Carol Bell,carol.bell62@company.com,Legal,Software Engineer,201887,2023-12-15,San Francisco,Robert Chen,Active,+1-555-3092,6426 Oak Dr,San Francisco,FL,10168,USA,3.6,8,Bachelors,PMP Certified
1063,Charles Adams,charles.adams63@company.com,Product,Analyst,231819,2024-11-02,Dallas,George Lewis,Active,+1-555-6506,2217 Elm Dr,Dallas,CO,84065,USA,4.5,20,Masters,Salesforce Certified
1064,Donna Walker,donna.walker64@company.com,Legal,Principal Engineer,90791,2016-11-18,Portland,Michael Brown,Active,+1-555-9638,6290 Pine Ave,Portland,GA,15304,USA,4.4,18,Bachelors,PMP Certified
1065,Sharon Bailey,sharon.bailey65@company.com,Sales,Coordinator,52140,2019-11-27,Miami,Linda Harris,Active,+1-555-5218,6000 Maple Ln,Miami,NY,12594,USA,4.1,4,Masters,CPA
1066,Robert Martinez,robert.martinez66@company.com,Customer Success,Architect,90608,2017-04-06,San Francisco,Linda Harris,Active,+1-555-0635,9950 Pine Rd,San Francisco,FL,37424,USA,4.2,6,Bachelors,SHRM-CP
1067,Jeffrey Lee,jeffrey.lee67@company.com,Engineering,Senior Software Engineer,76852,2019-11-01,New York,Sarah Johnson,Active,+1-555-3020,3801 Main Dr,New York,NY,38804,USA,3.9,13,MBA,Scrum Master
1068,Donna King,donna.king68@company.com,Executive,Manager,90150,2018-09-22,Portland,Michael Brown,Active,+1-555-9834,6126 Main St,Portland,NY,45239,USA,4.5,8,PhD,Salesforce Certified
1069,Sarah Carter,sarah.carter69@company.com,Legal,Director,141574,2015-09-26,Atlanta,Christopher Wright,Active,+1-555-8224,8383 Cedar Dr,Atlanta,GA,70297,USA,3.8,9,Bachelors,AWS Certified
1070,Angela Anderson,angela.anderson70@company.com,Engineering,Architect,108912,2017-01-27,Seattle,Linda Harris,Active,+1-555-9411,260 Main Ln,Seattle,TX,54415,USA,3.6,16,Associates,Scrum Master
1071,Charles Parker,charles.parker71@company.com,Marketing,Analyst,142583,2015-01-07,Denver,Sarah Johnson,Active,+1-555-3936,1056 Pine Rd,Denver,GA,20937,USA,4.9,11,Masters,Scrum Master
1072,Barbara Nelson,barbara.nelson72@company.com,Engineering,Manager,91618,2022-03-11,Austin,Patricia White,Active,+1-555-1791,3135 Cedar Dr,Austin,WA,41137,USA,4.1,4,Bachelors,SHRM-CP
1073,Laura Evans,laura.evans73@company.com,Marketing,Senior Software Engineer,158265,2023-08-16,Miami,Sarah Johnson,Active,+1-555-2678,3273 Main Dr,Miami,NY,10390,USA,3.9,2,PhD,PMP Certified
1074,Donna Stewart,donna.stewart74@company.com,Product,Specialist,57576,2017-09-08,Austin,Christopher Wright,Active,+1-555-9383,717 Cedar Rd,Austin,MA,85692,USA,5.0,17,Bachelors,Google Cloud Certified
1075,Robert Perez,robert.perez75@company.com,Design,Architect,105204,2021-04-07,Portland,Michael Brown,Active,+1-555-0718,2993 Cedar St,Portland,IL,73514,USA,4.2,7,Bachelors,Scrum Master
1076,Sharon Martinez,sharon.martinez76@company.com,Marketing,VP,223236,2017-03-02,Chicago,George Lewis,Active,+1-555-0690,7321 Elm Ln,Chicago,OR,41664,USA,4.8,2,MBA,Salesforce Certified
1077,Cynthia Stewart,cynthia.stewart77@company.com,Sales,Coordinator,228637,2019-04-05,Los Angeles,David Miller,Active,+1-555-1362,5667 Cedar Dr,Los Angeles,WA,99567,USA,4.1,15,MBA,Salesforce Certified
1078,James Edwards,james.edwards78@company.com,Operations,Director,164448,2021-10-23,Boston,David Miller,Active,+1-555-3128,5137 Oak Dr,Boston,CA,56113,USA,4.6,20,Masters,CISSP
1079,Larry Miller,larry.miller79@company.com,HR,Coordinator,192851,2018-01-26,Dallas,Linda Harris,Active,+1-555-1462,1947 Main Rd,Dallas,CA,79229,USA,4.1,18,Masters,Scrum Master
1080,Sarah Allen,sarah.allen80@company.com,Executive,Director,190238,2016-04-20,Portland,George Lewis,Active,+1-555-1407,2197 Pine St,Portland,FL,92720,USA,4.2,7,Bachelors,Scrum Master
1081,Robert Johnson,robert.johnson81@company.com,Sales,Architect,209421,2016-03-13,Los Angeles,Patricia White,Active,+1-555-7441,1511 Main Dr,Los Angeles,NY,56821,USA,4.7,13,Bachelors,Google Cloud Certified
1082,Charles Harris,charles.harris82@company.com,Operations,Coordinator,57516,2020-03-19,Los Angeles,David Miller,Active,+1-555-5176,7350 Pine Rd,Los Angeles,IL,97585,USA,4.8,13,Bachelors,PMP Certified
1083,Brian Davis,brian.davis83@company.com,HR,Architect,52027,2022-01-19,Seattle,Christopher Wright,Active,+1-555-9794,5375 Cedar Ln,Seattle,CO,20548,USA,4.9,2,Bachelors,SHRM-CP
1084,Edward Roberts,edward.roberts84@company.com,Legal,Senior Software Engineer,182932,2016-03-13,Denver,Patricia White,Active,+1-555-8473,4797 Pine St,Denver,TX,75940,USA,4.4,19,Masters,PMP Certified
1085,Robert Roberts,robert.roberts85@company.com,Design,Software Engineer,106823,2024-10-22,Boston,David Miller,Active,+1-555-3102,984 Main Rd,Boston,CA,25787,USA,4.3,5,Masters,Google Cloud Certified
1086,David Nelson,david.nelson86@company.com,Legal,Software Engineer,198050,2019-08-13,Austin,George Lewis,Active,+1-555-5171,3070 Maple Dr,Austin,CO,75420,USA,4.2,13,Masters,CISSP
1087,Deborah Thompson,deborah.thompson87@company.com,Design,Lead,230123,2017-12-24,Miami,Thomas Clark,Active,+1-555-4436,1533 Main St,Miami,TX,55045,USA,4.7,3,Associates,Salesforce Certified
1088,James Smith,james.smith88@company.com,Executive,Analyst,131928,2019-07-01,Chicago,Linda Harris,Active,+1-555-1126,6372 Cedar Dr,Chicago,IL,85581,USA,4.0,6,Bachelors,CPA
1089,Donna White,donna.white89@company.com,HR,Senior Software Engineer,171594,2020-12-14,Portland,Linda Harris,Active,+1-555-3080,1664 Maple Dr,Portland,TX,76944,USA,5.0,6,Bachelors,Scrum Master
1090,Cynthia Harris,cynthia.harris90@company.com,IT,Lead,95335,2018-10-18,Austin,Sarah Johnson,Active,+1-555-3973,5294 Main Ln,Austin,MA,57277,USA,4.1,20,Bachelors,CISSP
1091,Donna Turner,donna.turner91@company.com,Finance,Principal Engineer,198079,2022-01-24,Boston,Christopher Wright,Active,+1-555-6766,7955 Oak Ln,Boston,GA,28897,USA,3.9,4,Bachelors,CISSP
1092,Deborah Scott,deborah.scott92@company.com,Marketing,Software Engineer,225034,2019-05-23,San Francisco,Sarah Johnson,Active,+1-555-2880,8967 Pine Ln,San Francisco,CO,15784,USA,4.5,10,Bachelors,CISSP
1093,Maria Adams,maria.adams93@company.com,Legal,Senior Software Engineer,241010,2016-02-07,New York,Linda Harris,Active,+1-555-2865,9586 Cedar Dr,New York,MA,29406,USA,4.4,1,MBA,PMP Certified
1094,Michelle Rogers,michelle.rogers94@company.com,Legal,Analyst,190768,2018-03-11,Los Angeles,Robert Chen,Active,+1-555-4232,552 Cedar Ave,Los Angeles,GA,18761,USA,4.7,18,PhD,AWS Certified
1095,Michelle Collins,michelle.collins95@company.com,Engineering,VP,192842,2024-07-04,Miami,Patricia White,Active,+1-555-1430,1487 Elm St,Miami,OR,10651,USA,4.0,12,Bachelors,SHRM-CP
1096,John Harris,john.harris96@company.com,Sales,Senior Software Engineer,131549,2016-06-21,Chicago,Thomas Clark,Active,+1-555-3662,8772 Maple Ave,Chicago,OR,64765,USA,3.7,15,Associates,SHRM-CP
1097,Betty Brown,betty.brown97@company.com,Marketing,Coordinator,76383,2017-07-18,Boston,Thomas Clark,Active,+1-555-9895,8645 Maple Dr,Boston,OR,80858,USA,4.1,8,Masters,Scrum Master
1098,Cynthia Clark,cynthia.clark98@company.com,Customer Success,Senior Software Engineer,183309,2018-04-27,New York,David Miller,Active,+1-555-0099,5787 Elm Rd,New York,MA,99085,USA,4.9,19,Bachelors,AWS Certified
1099,Carol Hall,carol.hall99@company.com,IT,Lead,53001,2022-03-23,Los Angeles,Patricia White,Active,+1-555-1257,3654 Pine Ave,Los Angeles,CO,42186,USA,4.5,19,PhD,Scrum Master
1100,Dorothy Johnson,dorothy.johnson100@company.com,HR,Manager,190636,2015-07-23,San Francisco,Sarah Johnson,Active,+1-555-0148,2703 Maple Ln,San Francisco,FL,71520,USA,4.0,11,MBA,SHRM-CP
1101,Angela Johnson,angela.johnson101@company.com,Finance,Principal Engineer,108906,2021-10-07,Portland,David Miller,Active,+1-555-0061,4590 Cedar Rd,Portland,MA,91887,USA,4.5,17,PhD,AWS Certified
1102,Gary Evans,gary.evans102@company.com,Sales,Specialist,65599,2023-02-24,New York,Christopher Wright,Active,+1-555-3834,9839 Oak Rd,New York,WA,57976,USA,4.5,9,MBA,SHRM-CP
1103,Linda Roberts,linda.roberts103@company.com,Legal,Specialist,176913,2024-12-05,Austin,Sarah Johnson,Active,+1-555-3740,3625 Elm St,Austin,TX,27703,USA,3.9,14,Masters,AWS Certified
1104,Steven White,steven.white104@company.com,Sales,VP,199750,2018-12-07,Dallas,Michael Brown,Active,+1-555-7109,8696 Elm Rd,Dallas,NY,35738,USA,4.9,15,Bachelors,PMP Certified
1105,Patricia Taylor,patricia.taylor105@company.com,Engineering,VP,227288,2023-10-20,New York,Patricia White,Active,+1-555-8328,3043 Oak St,New York,TX,97218,USA,4.2,17,MBA,CPA
1106,Larry Turner,larry.turner106@company.com,Sales,Coordinator,172622,2017-09-28,Denver,Thomas Clark,Active,+1-555-7283,922 Oak Ln,Denver,IL,43130,USA,3.7,10,MBA,CISSP
1107,Kevin Clark,kevin.clark107@company.com,Finance,Analyst,175398,2018-02-21,Dallas,Christopher Wright,Active,+1-555-1894,6131 Cedar Ave,Dallas,CA,11829,USA,3.9,20,Associates,Scrum Master
1108,Gary Hall,gary.hall108@company.com,Operations,Architect,52457,2024-12-21,Denver,Thomas Clark,Active,+1-555-4542,2955 Cedar Ln,Denver,WA,78606,USA,4.5,12,MBA,CISSP
1109,Sandra Green,sandra.green109@company.com,Finance,Manager,130724,2021-07-11,Atlanta,Christopher Wright,Active,+1-555-9682,2283 Elm Dr,Atlanta,FL,54454,USA,4.9,14,Bachelors,Salesforce Certified
1110,Nancy Adams,nancy.adams110@company.com,Executive,Specialist,191642,2015-11-08,New York,George Lewis,Active,+1-555-6724,8188 Main Ave,New York,IL,38432,USA,3.8,17,Bachelors,CISSP
1111,Patricia White,patricia.white111@company.com,Product,Software Engineer,103715,2019-01-10,Chicago,George Lewis,Active,+1-555-8579,5945 Elm Rd,Chicago,FL,10300,USA,3.9,8,Masters,CPA
1112,Maria Wilson,maria.wilson112@company.com,Sales,Software Engineer,177297,2018-04-02,Atlanta,Sarah Johnson,Active,+1-555-4956,5752 Oak Ave,Atlanta,CA,55481,USA,3.6,3,PhD,CPA
1113,Jeffrey Bailey,jeffrey.bailey113@company.com,Product,Analyst,225468,2024-07-28,Chicago,Michael Brown,Active,+1-555-6165,6579 Main Rd,Chicago,MA,10085,USA,4.1,6,Masters,Salesforce Certified
1114,Christopher Parker,christopher.parker114@company.com,Executive,Analyst,186479,2016-03-27,Seattle,Thomas Clark,Active,+1-555-2858,7305 Cedar St,Seattle,MA,86661,USA,4.6,7,Bachelors,SHRM-CP
1115,Gary Rogers,gary.rogers115@company.com,Finance,Lead,124653,2023-09-23,San Francisco,Linda Harris,Active,+1-555-5494,6515 Elm Rd,San Francisco,FL,30035,USA,4.4,10,Associates,PMP Certified
1116,Edward Taylor,edward.taylor116@company.com,Customer Success,Software Engineer,175044,2015-11-03,Chicago,George Lewis,Active,+1-555-8278,6626 Pine Dr,Chicago,WA,30831,USA,4.4,18,Masters,Scrum Master
1117,Michael Mitchell,michael.mitchell117@company.com,Executive,Coordinator,100126,2024-12-13,Portland,Linda Harris,Active,+1-555-3066,7626 Main Rd,Portland,WA,80365,USA,4.1,10,Bachelors,CPA
1118,Susan Thompson,susan.thompson118@company.com,Design,Director,150710,2016-04-11,San Francisco,Christopher Wright,Active,+1-555-4472,1946 Pine Ave,San Francisco,MA,54719,USA,4.2,20,MBA,CPA
1119,Robert Harris,robert.harris119@company.com,Executive,Senior Software Engineer,146895,2020-08-15,Boston,David Miller,Active,+1-555-4835,2412 Oak Rd,Boston,IL,38780,USA,4.1,20,MBA,CISSP
1120,Thomas Thompson,thomas.thompson120@company.com,Product,Coordinator,80583,2021-07-16,Denver,Michael Brown,Active,+1-555-5496,4542 Oak St,Denver,TX,21989,USA,4.6,19,MBA,AWS Certified
1121,Lisa Wilson,lisa.wilson121@company.com,Sales,Senior Software Engineer,167469,2023-05-13,Denver,David Miller,Active,+1-555-4003,2455 Main Ave,Denver,MA,26107,USA,4.3,10,Bachelors,PMP Certified
1122,Sarah Cook,sarah.cook122@company.com,Customer Success,Lead,142480,2016-05-19,Denver,Michael Brown,Active,+1-555-5179,9312 Oak Ln,Denver,CO,97799,USA,4.6,6,MBA,CPA
1123,Michelle Phillips,michelle.phillips123@company.com,Executive,Senior Software Engineer,85288,2020-12-28,San Francisco,David Miller,Active,+1-555-2969,7202 Maple St,San Francisco,MA,90355,USA,3.7,6,Bachelors,Scrum Master
1124,Michelle Carter,michelle.carter124@company.com,Marketing,Senior Software Engineer,216041,2020-10-14,Boston,George Lewis,Active,+1-555-1177,9844 Maple Ave,Boston,GA,36664,USA,4.6,1,Masters,CISSP
1125,Steven Rivera,steven.rivera125@company.com,Legal,Principal Engineer,203630,2021-08-06,Seattle,Michael Brown,Active,+1-555-9870,3052 Pine Ave,Seattle,CA,65257,USA,4.5,2,PhD,Google Cloud Certified
1126,Michael King,michael.king126@company.com,Finance,Architect,219371,2021-11-07,Denver,Thomas Clark,Active,+1-555-6621,2296 Oak Dr,Denver,GA,65027,USA,4.1,7,PhD,Scrum Master
1127,Michelle Nelson,michelle.nelson127@company.com,Product,Senior Software Engineer,200442,2022-06-09,Seattle,Christopher Wright,Active,+1-555-8825,6528 Pine Ave,Seattle,GA,62182,USA,3.9,13,Masters,CPA
1128,Ruth Roberts,ruth.roberts128@company.com,HR,VP,84649,2023-03-09,Atlanta,Patricia White,Active,+1-555-1652,6872 Main Ave,Atlanta,GA,25397,USA,5.0,14,Masters,CPA
1129,Lisa Davis,lisa.davis129@company.com,Engineering,Coordinator,174308,2017-11-04,Austin,Michael Brown,Active,+1-555-4054,4926 Elm Ave,Austin,NY,41123,USA,4.9,16,Masters,AWS Certified
1130,Richard Baker,richard.baker130@company.com,Finance,Architect,159944,2019-07-07,San Francisco,Linda Harris,Active,+1-555-4723,4661 Oak St,San Francisco,GA,88695,USA,3.6,15,Associates,CISSP
1131,James Allen,james.allen131@company.com,Engineering,Manager,113985,2015-08-08,Atlanta,Linda Harris,Active,+1-555-0210,9035 Maple Rd,Atlanta,IL,26194,USA,3.7,4,MBA,Salesforce Certified
1132,Frank Morgan,frank.morgan132@company.com,Design,Analyst,203144,2023-07-27,New York,Christopher Wright,Active,+1-555-3133,1264 Cedar Rd,New York,NY,53551,USA,4.7,7,Bachelors,Salesforce Certified
1133,Michelle Campbell,michelle.campbell133@company.com,IT,Senior Software Engineer,118345,2015-06-22,San Francisco,Robert Chen,Active,+1-555-0127,78 Oak Rd,San Francisco,NY,40627,USA,4.3,13,Masters,CISSP
1134,Patricia Brown,patricia.brown134@company.com,Marketing,Specialist,137174,2024-02-02,San Francisco,Robert Chen,Active,+1-555-5854,9746 Oak Rd,San Francisco,MA,76667,USA,4.7,15,Associates,Salesforce Certified
1135,Maria Morgan,maria.morgan135@company.com,Marketing,VP,227561,2023-12-21,Boston,Sarah Johnson,Active,+1-555-2361,4402 Main Rd,Boston,CO,71073,USA,5.0,13,PhD,CPA
1136,Ronald Adams,ronald.adams136@company.com,Legal,Manager,170870,2016-11-03,Los Angeles,Patricia White,Active,+1-555-8257,6785 Maple Ave,Los Angeles,CA,41036,USA,4.7,12,Bachelors,Salesforce Certified
1137,Kevin Anderson,kevin.anderson137@company.com,Legal,Coordinator,149224,2020-12-01,Austin,Patricia White,Active,+1-555-1113,9270 Elm Ln,Austin,GA,26336,USA,4.3,13,MBA,Salesforce Certified
1138,Frank Stewart,frank.stewart138@company.com,Product,VP,156445,2024-01-05,Portland,Linda Harris,Active,+1-555-1183,2392 Pine Ave,Portland,FL,42262,USA,3.9,19,Masters,SHRM-CP
1139,Linda Rivera,linda.rivera139@company.com,IT,Coordinator,201896,2023-11-04,Boston,Thomas Clark,Active,+1-555-9514,5910 Cedar Rd,Boston,FL,36314,USA,4.9,2,PhD,CPA
1140,Teresa Hall,teresa.hall140@company.com,Marketing,Coordinator,165996,2020-12-04,Portland,Michael Brown,Active,+1-555-9046,9178 Main Ln,Portland,TX,38775,USA,4.9,14,PhD,SHRM-CP
1141,Dorothy Mitchell,dorothy.mitchell141@company.com,Customer Success,Lead,232498,2017-12-02,Atlanta,Linda Harris,Active,+1-555-5622,3546 Main Rd,Atlanta,IL,30853,USA,4.7,14,Masters,Salesforce Certified
1142,Larry Smith,larry.smith142@company.com,Finance,Software Engineer,214283,2023-03-08,Miami,Thomas Clark,Active,+1-555-4712,5948 Maple Ln,Miami,TX,98247,USA,4.8,2,Bachelors,CISSP
1143,Thomas Murphy,thomas.murphy143@company.com,Marketing,Director,143046,2018-07-17,Austin,Linda Harris,Active,+1-555-7000,2577 Maple Ln,Austin,NY,10028,USA,4.3,16,Masters,CISSP
1144,Angela Roberts,angela.roberts144@company.com,Operations,Principal Engineer,98987,2023-02-21,Dallas,Thomas Clark,Active,+1-555-1335,8778 Cedar Ln,Dallas,TX,13819,USA,4.6,10,Bachelors,CPA
1145,Robert Jackson,robert.jackson145@company.com,HR,Director,67491,2020-01-24,New York,Patricia White,Active,+1-555-8243,2508 Maple Dr,New York,OR,87489,USA,4.2,6,PhD,AWS Certified
1146,Gary Garcia,gary.garcia146@company.com,Sales,Director,214105,2015-12-14,Seattle,Christopher Wright,Active,+1-555-0197,1867 Maple Ave,Seattle,CO,92750,USA,3.6,7,MBA,PMP Certified
1147,John Turner,john.turner147@company.com,Operations,Senior Software Engineer,98560,2019-08-21,Seattle,Thomas Clark,Active,+1-555-7176,8735 Main Ln,Seattle,OR,47095,USA,4.4,9,Masters,Salesforce Certified
1148,Barbara Adams,barbara.adams148@company.com,Engineering,Lead,83785,2022-02-24,San Francisco,Thomas Clark,Active,+1-555-1117,2543 Pine Ln,San Francisco,CO,19620,USA,3.5,13,Associates,SHRM-CP
1149,Maria Anderson,maria.anderson149@company.com,Product,Analyst,184294,2022-04-25,Atlanta,Linda Harris,Active,+1-555-9112,6893 Main St,Atlanta,GA,18597,USA,4.1,10,Masters,AWS Certified
1150,Sharon Mitchell,sharon.mitchell150@company.com,Product,Principal Engineer,100742,2024-09-21,Miami,Sarah Johnson,Active,+1-555-7329,5642 Elm Ave,Miami,CA,60364,USA,3.6,2,Associates,AWS Certified
1151,Lisa Murphy,lisa.murphy151@company.com,Operations,Lead,211262,2024-03-11,Dallas,George Lewis,Active,+1-555-8648,1481 Main St,Dallas,MA,10514,USA,3.9,1,PhD,PMP Certified
1152,Emma Jackson,emma.jackson152@company.com,Marketing,Senior Software Engineer,127423,2020-11-10,Chicago,Robert Chen,Active,+1-555-5154,2749 Oak Rd,Chicago,TX,13994,USA,4.5,7,Masters,CPA
1153,Raymond Thompson,raymond.thompson153@company.com,Design,Principal Engineer,140064,2022-01-18,San Francisco,Sarah Johnson,Active,+1-555-7235,9043 Cedar Dr,San Francisco,CO,69252,USA,4.0,1,Bachelors,Google Cloud Certified
1154,Ronald Bailey,ronald.bailey154@company.com,HR,Manager,179870,2020-03-23,Denver,Michael Brown,Active,+1-555-2042,4728 Maple Rd,Denver,MA,36880,USA,4.8,9,MBA,Google Cloud Certified
1155,Maria Lee,maria.lee155@company.com,Marketing,Software Engineer,184536,2021-08-21,Portland,Robert Chen,Active,+1-555-5618,7527 Pine St,Portland,MA,23318,USA,4.5,3,Bachelors,Salesforce Certified
1156,Carol Morris,carol.morris156@company.com,Legal,Director,59896,2019-04-22,Portland,Sarah Johnson,Active,+1-555-5105,8975 Oak St,Portland,GA,54301,USA,4.3,8,PhD,Scrum Master
1157,Michelle Perez,michelle.perez157@company.com,Sales,Senior Software Engineer,219308,2021-05-14,Denver,Michael Brown,Active,+1-555-8256,3378 Main St,Denver,FL,50596,USA,3.7,14,Bachelors,PMP Certified
1158,Frank Roberts,frank.roberts158@company.com,Finance,Senior Software Engineer,138083,2016-02-27,Los Angeles,Thomas Clark,Active,+1-555-9061,6437 Maple St,Los Angeles,TX,33044,USA,4.5,3,Bachelors,Scrum Master
1159,Robert Campbell,robert.campbell159@company.com,Design,VP,120460,2023-11-15,New York,Sarah Johnson,Active,+1-555-5881,1400 Cedar Ave,New York,CA,65189,USA,3.5,9,Bachelors,PMP Certified
1160,James Stewart,james.stewart160@company.com,Design,Specialist,156196,2021-04-19,Dallas,Patricia White,Active,+1-555-9656,159 Pine Dr,Dallas,OR,10121,USA,4.4,16,MBA,PMP Certified
1161,Dorothy Clark,dorothy.clark161@company.com,Design,Principal Engineer,191838,2023-08-06,Miami,Michael Brown,Active,+1-555-9049,3687 Main St,Miami,NY,76142,USA,5.0,17,Masters,Google Cloud Certified
1162,Christopher Walker,christopher.walker162@company.com,HR,Manager,119188,2017-03-06,Los Angeles,Patricia White,Active,+1-555-8439,1240 Elm Dr,Los Angeles,CA,45579,USA,4.0,12,Associates,CISSP
1163,James Evans,james.evans163@company.com,Design,Coordinator,156121,2024-04-07,Seattle,Michael Brown,Active,+1-555-2902,6794 Pine Ln,Seattle,OR,70978,USA,5.0,18,PhD,CISSP
1164,Deborah Rivera,deborah.rivera164@company.com,Finance,Director,158109,2020-01-27,Chicago,Christopher Wright,Active,+1-555-3433,4737 Maple St,Chicago,GA,26154,USA,4.0,3,PhD,Salesforce Certified
1165,Laura Reed,laura.reed165@company.com,HR,Analyst,65924,2023-08-12,Atlanta,Robert Chen,Active,+1-555-7154,7416 Main Rd,Atlanta,WA,58648,USA,4.0,5,Bachelors,Google Cloud Certified
1166,Donna Wilson,donna.wilson166@company.com,Operations,Lead,78373,2018-09-02,Austin,David Miller,Active,+1-555-4838,4035 Elm Rd,Austin,FL,87410,USA,4.1,15,Masters,Salesforce Certified
1167,Larry Morgan,larry.morgan167@company.com,IT,Manager,148693,2023-04-04,Boston,David Miller,Active,+1-555-7480,6582 Elm Ave,Boston,NY,82866,USA,5.0,7,Bachelors,CPA
1168,Sarah Perez,sarah.perez168@company.com,Engineering,Analyst,101094,2020-03-15,Miami,Thomas Clark,Active,+1-555-9599,6494 Oak St,Miami,IL,65963,USA,3.7,7,PhD,Scrum Master
1169,Christopher Collins,christopher.collins169@company.com,Finance,Software Engineer,210470,2020-10-01,San Francisco,Michael Brown,Active,+1-555-0203,6184 Elm St,San Francisco,TX,41710,USA,4.6,1,Associates,CPA
1170,Kevin Morris,kevin.morris170@company.com,Legal,Manager,184274,2015-03-23,Miami,Linda Harris,Active,+1-555-0528,8185 Cedar Rd,Miami,MA,91035,USA,4.8,11,PhD,SHRM-CP
1171,Sarah Nelson,sarah.nelson171@company.com,HR,Software Engineer,186506,2019-12-21,Chicago,Linda Harris,Active,+1-555-1162,5760 Pine Rd,Chicago,IL,95432,USA,4.7,15,PhD,Salesforce Certified
1172,Patricia Phillips,patricia.phillips172@company.com,HR,Specialist,166860,2018-07-18,Seattle,Sarah Johnson,Active,+1-555-4669,1218 Maple Ln,Seattle,TX,74565,USA,5.0,2,MBA,CPA
1173,Mark Edwards,mark.edwards173@company.com,Product,Manager,66857,2018-12-18,Dallas,Thomas Clark,Active,+1-555-2956,7269 Oak Ave,Dallas,GA,81421,USA,3.9,17,Bachelors,SHRM-CP
1174,Gary Morgan,gary.morgan174@company.com,Design,Senior Software Engineer,75768,2024-07-22,New York,Robert Chen,Active,+1-555-6860,7670 Cedar Ave,New York,TX,18333,USA,3.7,1,Masters,Google Cloud Certified
1175,David Carter,david.carter175@company.com,Engineering,Specialist,111436,2019-06-13,Boston,Sarah Johnson,Active,+1-555-5119,467 Elm Ln,Boston,GA,42355,USA,4.7,20,PhD,Scrum Master
1176,David Campbell,david.campbell176@company.com,Marketing,Manager,172760,2018-04-14,Miami,Patricia White,Active,+1-555-3578,3457 Elm St,Miami,OR,19014,USA,5.0,2,MBA,Salesforce Certified
1177,Frank White,frank.white177@company.com,Finance,Coordinator,80743,2024-08-07,Austin,George Lewis,Active,+1-555-3824,5030 Main Dr,Austin,MA,21598,USA,4.2,11,PhD,PMP Certified
1178,William Evans,william.evans178@company.com,Sales,VP,205167,2023-03-15,Austin,Patricia White,Active,+1-555-9621,4548 Pine Ln,Austin,MA,66336,USA,3.7,6,Bachelors,CISSP
1179,Laura Edwards,laura.edwards179@company.com,Engineering,Software Engineer,108489,2024-03-15,Austin,Linda Harris,Active,+1-555-7499,3632 Main St,Austin,IL,86787,USA,4.5,17,MBA,SHRM-CP
1180,Lisa Bell,lisa.bell180@company.com,Engineering,VP,174611,2019-06-13,Seattle,David Miller,Active,+1-555-2200,5612 Maple Ave,Seattle,CA,15498,USA,3.8,16,MBA,CISSP
1181,Carol Allen,carol.allen181@company.com,Legal,Lead,56823,2024-06-26,San Francisco,Michael Brown,Active,+1-555-9923,3288 Main Ave,San Francisco,TX,10761,USA,4.9,19,Bachelors,Scrum Master
1182,Betty Lewis,betty.lewis182@company.com,Legal,Director,88925,2015-07-28,New York,Christopher Wright,Active,+1-555-2422,2025 Oak Ln,New York,IL,68581,USA,4.2,1,Bachelors,AWS Certified
1183,Ronald Mitchell,ronald.mitchell183@company.com,Product,Lead,173385,2016-10-03,Austin,George Lewis,Active,+1-555-8071,6027 Cedar Dr,Austin,GA,78884,USA,3.5,19,Associates,CISSP
1184,Michelle Turner,michelle.turner184@company.com,Engineering,Analyst,128020,2015-08-03,Austin,David Miller,Active,+1-555-1960,8131 Oak Rd,Austin,MA,35539,USA,4.5,13,Masters,CISSP
1185,Robert Stewart,robert.stewart185@company.com,Design,Director,115083,2023-11-04,Portland,George Lewis,Active,+1-555-5926,7679 Cedar Dr,Portland,NY,40860,USA,4.9,10,PhD,Google Cloud Certified
1186,Carol Reed,carol.reed186@company.com,Engineering,Specialist,175465,2021-06-17,Atlanta,Sarah Johnson,Active,+1-555-5162,7187 Cedar Ave,Atlanta,OR,84546,USA,4.0,11,Associates,Scrum Master
1187,Laura White,laura.white187@company.com,Executive,Software Engineer,52942,2015-07-19,Seattle,Christopher Wright,Active,+1-555-0534,4567 Cedar Dr,Seattle,GA,91666,USA,3.6,9,Bachelors,AWS Certified
1188,Dorothy Bell,dorothy.bell188@company.com,Product,Senior Software Engineer,117109,2018-08-28,Boston,David Miller,Active,+1-555-2325,4700 Main Ln,Boston,FL,95971,USA,4.5,14,Masters,Scrum Master
1189,Laura Lewis,laura.lewis189@company.com,IT,Software Engineer,145632,2016-12-28,Miami,Christopher Wright,Active,+1-555-3533,8788 Cedar Ln,Miami,CO,14143,USA,4.7,4,PhD,SHRM-CP
1190,Jennifer Bell,jennifer.bell190@company.com,IT,Director,105560,2021-03-20,Atlanta,Thomas Clark,Active,+1-555-8254,4660 Elm St,Atlanta,MA,30506,USA,4.5,2,MBA,CPA
1191,Laura Smith,laura.smith191@company.com,Executive,Coordinator,239663,2024-01-28,Los Angeles,Michael Brown,Active,+1-555-0235,6450 Elm Ave,Los Angeles,FL,60674,USA,3.8,17,MBA,CISSP
1192,William King,william.king192@company.com,Product,Director,117599,2021-07-02,Seattle,Christopher Wright,Active,+1-555-6658,4616 Main St,Seattle,IL,50578,USA,4.9,14,Bachelors,Google Cloud Certified
1193,Nancy Garcia,nancy.garcia193@company.com,Legal,Director,121958,2024-03-20,Los Angeles,Sarah Johnson,Active,+1-555-2056,2452 Main Ln,Los Angeles,MA,60225,USA,4.7,14,Masters,PMP Certified
1194,Kevin Rivera,kevin.rivera194@company.com,IT,Specialist,200725,2015-12-25,Chicago,Michael Brown,Active,+1-555-6981,4142 Main Ln,Chicago,MA,89230,USA,3.9,14,PhD,Google Cloud Certified
1195,Patricia Carter,patricia.carter195@company.com,Customer Success,Director,140244,2019-09-01,Los Angeles,David Miller,Active,+1-555-0836,3090 Pine Dr,Los Angeles,OR,16370,USA,4.0,11,PhD,CPA
1196,Donna Wilson,donna.wilson196@company.com,Engineering,Architect,207118,2020-12-27,Austin,Michael Brown,Active,+1-555-5982,7 Pine Ave,Austin,WA,95342,USA,3.6,4,MBA,PMP Certified
1197,Cynthia Wilson,cynthia.wilson197@company.com,Design,Coordinator,228543,2016-01-27,Chicago,Linda Harris,Active,+1-555-3353,5577 Oak Ln,Chicago,FL,80943,USA,3.7,14,Associates,PMP Certified
1198,John Campbell,john.campbell198@company.com,Sales,Principal Engineer,91628,2021-10-26,San Francisco,George Lewis,Active,+1-555-6027,2923 Main Dr,San Francisco,NY,92600,USA,3.6,16,Masters,Google Cloud Certified
1199,Paul Wilson,paul.wilson199@company.com,Marketing,Specialist,169669,2018-04-27,Atlanta,David Miller,Active,+1-555-0692,6533 Elm St,Atlanta,MA,80081,USA,3.9,8,Masters,AWS Certified
1200,Donna Parker,donna.parker200@company.com,Operations,Coordinator,238805,2016-05-03,Seattle,Thomas Clark,Active,+1-555-6094,7390 Main Ln,Seattle,TX,30206,USA,3.5,10,Masters,PMP Certified
1201,Kevin Davis,kevin.davis201@company.com,HR,Principal Engineer,237952,2021-10-25,Atlanta,Sarah Johnson,Active,+1-555-3042,2222 Maple Ave,Atlanta,CO,99599,USA,3.6,2,Associates,PMP Certified
1202,Patricia Allen,patricia.allen202@company.com,Operations,Architect,141451,2020-08-24,Seattle,Christopher Wright,Active,+1-555-6514,7535 Oak Dr,Seattle,OR,98268,USA,4.7,4,Masters,CISSP
1203,Robert Walker,robert.walker203@company.com,Operations,Principal Engineer,184720,2019-10-16,Los Angeles,Robert Chen,Active,+1-555-8952,8135 Oak St,Los Angeles,OR,87127,USA,4.4,11,PhD,CPA
1204,Carol Phillips,carol.phillips204@company.com,Marketing,Manager,182584,2017-10-15,Dallas,David Miller,Active,+1-555-1951,4048 Cedar Dr,Dallas,GA,81560,USA,4.0,3,Associates,Google Cloud Certified
1205,Gary Collins,gary.collins205@company.com,Finance,Senior Software Engineer,77550,2015-03-17,Dallas,George Lewis,Active,+1-555-9405,7030 Cedar Rd,Dallas,MA,42028,USA,3.7,3,Masters,PMP Certified
1206,Nancy Chen,nancy.chen206@company.com,Sales,VP,78558,2022-11-07,Los Angeles,Sarah Johnson,Active,+1-555-3392,6889 Pine Rd,Los Angeles,FL,32503,USA,4.8,8,PhD,CPA
1207,Helen Thompson,helen.thompson207@company.com,Finance,Specialist,53263,2022-12-02,Seattle,Linda Harris,Active,+1-555-2697,4369 Pine Ave,Seattle,IL,46729,USA,4.9,9,Bachelors,Salesforce Certified
1208,Frank Young,frank.young208@company.com,Sales,Principal Engineer,84297,2016-11-22,New York,George Lewis,Active,+1-555-8433,9374 Oak Ln,New York,OR,54887,USA,4.8,17,Associates,PMP Certified
1209,David Campbell,david.campbell209@company.com,Product,Analyst,169191,2019-11-19,Dallas,Sarah Johnson,Active,+1-555-7350,3065 Oak St,Dallas,WA,65900,USA,3.6,20,Bachelors,CISSP
1210,Daniel Adams,daniel.adams210@company.com,Executive,Director,243804,2022-12-15,Denver,Patricia White,Active,+1-555-2896,6696 Elm Ln,Denver,OR,78602,USA,4.8,14,PhD,CISSP
1211,Paul Garcia,paul.garcia211@company.com,IT,Software Engineer,117701,2018-04-02,Atlanta,Thomas Clark,Active,+1-555-7593,1001 Maple Ln,Atlanta,FL,42168,USA,4.6,18,PhD,SHRM-CP
1212,Christopher Garcia,christopher.garcia212@company.com,Sales,Senior Software Engineer,64973,2020-08-23,New York,Robert Chen,Active,+1-555-6368,7667 Oak Rd,New York,GA,61731,USA,4.5,19,Masters,SHRM-CP
1213,Richard Taylor,richard.taylor213@company.com,Finance,Architect,213800,2021-06-26,Atlanta,Patricia White,Active,+1-555-4459,9064 Pine Rd,Atlanta,NY,18259,USA,4.5,6,Masters,Scrum Master
1214,Sarah Morgan,sarah.morgan214@company.com,Finance,Specialist,154572,2015-09-27,Atlanta,Robert Chen,Active,+1-555-3058,7555 Pine St,Atlanta,FL,35053,USA,3.8,19,PhD,CPA
1215,Charles Young,charles.young215@company.com,Engineering,Architect,191366,2022-06-08,Los Angeles,Christopher Wright,Active,+1-555-7878,2350 Cedar Ave,Los Angeles,GA,36541,USA,4.1,16,MBA,AWS Certified
1216,Sandra Rivera,sandra.rivera216@company.com,Operations,Analyst,220937,2020-07-05,New York,Christopher Wright,Active,+1-555-7548,8005 Main Dr,New York,NY,27332,USA,4.5,10,MBA,Scrum Master
1217,Frank Chen,frank.chen217@company.com,Legal,Director,116363,2022-12-25,Chicago,Christopher Wright,Active,+1-555-9636,4489 Cedar Dr,Chicago,CO,68731,USA,4.1,18,PhD,AWS Certified
1218,Mark Nelson,mark.nelson218@company.com,Marketing,Principal Engineer,203295,2018-10-17,Atlanta,Sarah Johnson,Active,+1-555-8447,3330 Elm St,Atlanta,GA,24583,USA,4.2,17,Bachelors,Google Cloud Certified
1219,Michael Roberts,michael.roberts219@company.com,Product,Director,165596,2019-03-06,Boston,Robert Chen,Active,+1-555-4609,5991 Main Ave,Boston,NY,15298,USA,4.8,13,MBA,CISSP
1220,Emma Smith,emma.smith220@company.com,Executive,VP,224670,2022-09-21,Boston,David Miller,Active,+1-555-0642,704 Cedar Dr,Boston,MA,15340,USA,4.5,1,Bachelors,AWS Certified
1221,James Bailey,james.bailey221@company.com,Sales,VP,52640,2022-01-16,Dallas,George Lewis,Active,+1-555-1171,4004 Cedar Dr,Dallas,MA,48377,USA,4.4,13,Bachelors,SHRM-CP
1222,Mark Harris,mark.harris222@company.com,Customer Success,Specialist,222312,2024-12-25,Austin,Robert Chen,Active,+1-555-1431,9583 Oak St,Austin,FL,65300,USA,3.7,2,Associates,Salesforce Certified
1223,Mark Perez,mark.perez223@company.com,Engineering,Architect,202158,2023-04-04,Chicago,Patricia White,Active,+1-555-2970,8730 Elm Dr,Chicago,NY,48639,USA,3.8,3,Bachelors,AWS Certified
1224,James Scott,james.scott224@company.com,Marketing,Director,93642,2017-06-24,Portland,Robert Chen,Active,+1-555-4804,6141 Oak St,Portland,NY,80738,USA,4.6,18,Associates,PMP Certified
1225,Emma Lee,emma.lee225@company.com,Operations,Software Engineer,99079,2015-08-20,Los Angeles,Sarah Johnson,Active,+1-555-0296,1766 Maple Ave,Los Angeles,NY,72802,USA,3.6,15,Bachelors,Salesforce Certified
1226,Betty Anderson,betty.anderson226@company.com,Design,VP,204166,2015-01-04,New York,Linda Harris,Active,+1-555-8129,9040 Pine Ln,New York,NY,12769,USA,4.4,16,PhD,SHRM-CP
1227,Donna Edwards,donna.edwards227@company.com,Finance,Architect,124475,2018-05-06,Denver,Thomas Clark,Active,+1-555-9257,2157 Pine Ave,Denver,FL,43380,USA,4.1,8,Bachelors,CPA
1228,James Davis,james.davis228@company.com,Finance,Coordinator,198831,2023-06-24,Denver,Robert Chen,Active,+1-555-2995,3952 Pine Ave,Denver,OR,96208,USA,3.7,13,Bachelors,AWS Certified
1229,Robert Scott,robert.scott229@company.com,IT,Specialist,242956,2023-10-05,Denver,Thomas Clark,Active,+1-555-3078,139 Elm Rd,Denver,GA,41613,USA,4.1,1,PhD,Scrum Master
1230,Richard Walker,richard.walker230@company.com,Product,Software Engineer,125182,2017-09-18,Los Angeles,Christopher Wright,Active,+1-555-1236,3598 Elm Rd,Los Angeles,NY,99190,USA,3.9,4,Masters,Google Cloud Certified
1231,Robert Lee,robert.lee231@company.com,Customer Success,VP,235061,2019-07-14,Austin,Thomas Clark,Active,+1-555-2589,8018 Cedar Ln,Austin,GA,28948,USA,4.7,2,PhD,Salesforce Certified
1232,Susan Garcia,susan.garcia232@company.com,HR,Analyst,206536,2021-02-12,Austin,Christopher Wright,Active,+1-555-3517,4340 Elm Ln,Austin,CO,45517,USA,3.7,11,PhD,CPA
1233,William Evans,william.evans233@company.com,IT,Specialist,100992,2023-05-04,Boston,Linda Harris,Active,+1-555-2616,897 Maple Ln,Boston,FL,50312,USA,3.6,12,MBA,AWS Certified
1234,Sandra Reed,sandra.reed234@company.com,Operations,Specialist,72532,2024-03-24,Atlanta,Linda Harris,Active,+1-555-0527,7170 Maple Dr,Atlanta,CO,81164,USA,4.4,9,MBA,Google Cloud Certified
1235,Nancy Reed,nancy.reed235@company.com,Executive,Director,110768,2020-11-03,Boston,George Lewis,Active,+1-555-2452,7685 Elm Rd,Boston,CO,67149,USA,4.8,13,Bachelors,Salesforce Certified
1236,Jeffrey Davis,jeffrey.davis236@company.com,HR,Analyst,179579,2016-03-16,Seattle,George Lewis,Active,+1-555-4852,8183 Cedar Ave,Seattle,FL,84580,USA,4.2,5,PhD,PMP Certified
1237,Robert Anderson,robert.anderson237@company.com,HR,Software Engineer,204598,2020-05-19,Boston,Sarah Johnson,Active,+1-555-7468,9355 Main Ln,Boston,MA,63856,USA,4.3,19,PhD,Salesforce Certified
1238,Michael Walker,michael.walker238@company.com,Engineering,Principal Engineer,211146,2016-10-11,Dallas,Sarah Johnson,Active,+1-555-0787,8262 Pine Rd,Dallas,MA,64999,USA,5.0,5,Bachelors,PMP Certified
1239,Emma Green,emma.green239@company.com,IT,Coordinator,71217,2020-02-06,New York,David Miller,Active,+1-555-0656,7830 Cedar Rd,New York,MA,65240,USA,4.1,7,Bachelors,CISSP
1240,Edward Thompson,edward.thompson240@company.com,Customer Success,Specialist,78672,2015-07-24,Miami,Patricia White,Active,+1-555-5613,2815 Maple St,Miami,OR,54202,USA,4.9,20,Masters,CISSP
1241,Michael Reed,michael.reed241@company.com,IT,Coordinator,120299,2018-01-16,Seattle,Thomas Clark,Active,+1-555-9356,976 Elm Rd,Seattle,NY,74829,USA,4.8,2,Associates,CPA
1242,Lisa Brown,lisa.brown242@company.com,Finance,Coordinator,115843,2024-07-17,Austin,Sarah Johnson,Active,+1-555-2939,1424 Cedar Ln,Austin,IL,59349,USA,4.3,3,MBA,SHRM-CP
1243,Kevin Young,kevin.young243@company.com,Customer Success,Manager,142544,2017-07-24,Miami,Robert Chen,Active,+1-555-3650,4695 Main Ave,Miami,OR,75689,USA,4.4,2,MBA,Google Cloud Certified
1244,Jeffrey White,jeffrey.white244@company.com,Executive,Analyst,173610,2023-11-10,Chicago,David Miller,Active,+1-555-9088,113 Elm St,Chicago,CA,58204,USA,3.8,16,PhD,AWS Certified
1245,Donna Wilson,donna.wilson245@company.com,IT,Manager,242920,2021-04-27,Denver,Sarah Johnson,Active,+1-555-6491,8731 Elm Ave,Denver,IL,89724,USA,3.9,4,Bachelors,Salesforce Certified
1246,Nancy Harris,nancy.harris246@company.com,Engineering,Analyst,68283,2019-10-12,Miami,George Lewis,Active,+1-555-5813,101 Elm Ave,Miami,WA,20477,USA,4.2,20,Associates,PMP Certified
1247,Ruth Taylor,ruth.taylor247@company.com,Legal,Senior Software Engineer,151280,2015-01-15,San Francisco,Robert Chen,Active,+1-555-9861,5795 Pine Rd,San Francisco,WA,95105,USA,4.2,1,Bachelors,Scrum Master
1248,Patricia Bailey,patricia.bailey248@company.com,Finance,Software Engineer,229389,2023-01-27,Los Angeles,George Lewis,Active,+1-555-2445,962 Cedar Ave,Los Angeles,GA,90123,USA,4.1,4,MBA,Google Cloud Certified
1249,Michael Smith,michael.smith249@company.com,Finance,Analyst,241962,2015-05-08,Boston,Michael Brown,Active,+1-555-4700,2958 Pine Dr,Boston,IL,29206,USA,4.2,10,Masters,SHRM-CP
1250,John Perez,john.perez250@company.com,Customer Success,Lead,117545,2017-11-03,Dallas,Patricia White,Active,+1-555-9299,344 Maple St,Dallas,NY,13516,USA,3.7,12,Bachelors,Google Cloud Certified
1251,Helen Allen,helen.allen251@company.com,Executive,Lead,228003,2015-11-17,Portland,Thomas Clark,Active,+1-555-3220,8810 Main Ave,Portland,CA,56529,USA,3.5,7,PhD,CPA
1252,William Green,william.green252@company.com,Customer Success,Principal Engineer,198312,2024-05-10,Chicago,George Lewis,Active,+1-555-7597,5833 Main Rd,Chicago,WA,13490,USA,4.6,2,Bachelors,SHRM-CP
1253,Christopher Thompson,christopher.thompson253@company.com,Legal,Software Engineer,121925,2020-06-20,Denver,Patricia White,Active,+1-555-9091,1008 Maple St,Denver,MA,70835,USA,3.7,5,PhD,Salesforce Certified
1254,Maria Garcia,maria.garcia254@company.com,Finance,Principal Engineer,121070,2018-07-08,Austin,Linda Harris,Active,+1-555-2245,4959 Pine Ln,Austin,CO,15403,USA,3.6,15,Bachelors,PMP Certified
1255,James Rivera,james.rivera255@company.com,Finance,Lead,159979,2024-04-06,San Francisco,Sarah Johnson,Active,+1-555-1858,7595 Oak St,San Francisco,IL,11973,USA,3.8,14,Associates,Scrum Master
1256,David Thompson,david.thompson256@company.com,IT,VP,247433,2024-09-04,Atlanta,George Lewis,Active,+1-555-6835,8656 Main Dr,Atlanta,WA,40802,USA,4.6,8,Masters,PMP Certified
1257,Eric Turner,eric.turner257@company.com,Executive,Senior Software Engineer,112475,2019-10-15,Boston,Patricia White,Active,+1-555-3061,369 Maple Dr,Boston,TX,28604,USA,3.9,11,Associates,CISSP
1258,Mark King,mark.king258@company.com,HR,Analyst,156552,2019-08-18,Chicago,George Lewis,Active,+1-555-4620,7083 Main St,Chicago,FL,13966,USA,4.2,18,Associates,Google Cloud Certified
1259,Brian Davis,brian.davis259@company.com,Engineering,Manager,233111,2015-12-08,Miami,Christopher Wright,Active,+1-555-1009,8611 Cedar Rd,Miami,IL,65371,USA,4.3,4,Associates,AWS Certified
1260,Maria Garcia,maria.garcia260@company.com,Legal,Director,51117,2023-02-16,Austin,David Miller,Active,+1-555-9090,4352 Elm St,Austin,TX,41424,USA,3.7,17,Bachelors,AWS Certified
1261,Larry Adams,larry.adams261@company.com,Design,VP,196327,2019-04-15,Dallas,Sarah Johnson,Active,+1-555-0122,114 Cedar St,Dallas,NY,36537,USA,3.6,4,Masters,CPA
1262,Mark Miller,mark.miller262@company.com,Executive,Lead,230236,2018-06-01,Boston,Linda Harris,Active,+1-555-0299,1757 Oak Ln,Boston,MA,14192,USA,3.6,4,Masters,CISSP
1263,Sandra Edwards,sandra.edwards263@company.com,Sales,Software Engineer,174704,2022-04-10,Austin,George Lewis,Active,+1-555-1869,5895 Maple Ave,Austin,GA,32020,USA,4.9,14,PhD,CISSP
1264,Mark Lee,mark.lee264@company.com,Executive,Specialist,86104,2018-04-24,New York,David Miller,Active,+1-555-7135,2128 Oak St,New York,NY,93549,USA,4.2,6,PhD,CISSP
1265,Teresa Martinez,teresa.martinez265@company.com,Legal,Coordinator,201567,2016-01-04,Atlanta,Robert Chen,Active,+1-555-1091,4313 Main Ave,Atlanta,CA,57690,USA,3.8,4,Masters,PMP Certified
1266,Michelle Smith,michelle.smith266@company.com,Legal,Coordinator,120745,2020-01-26,Denver,Robert Chen,Active,+1-555-3311,3094 Cedar Ave,Denver,FL,91182,USA,4.2,13,Masters,CPA
1267,Carol Johnson,carol.johnson267@company.com,IT,Senior Software Engineer,191527,2024-12-23,Boston,Linda Harris,Active,+1-555-5336,9808 Elm Ln,Boston,IL,44280,USA,3.8,4,MBA,CISSP
1268,Ronald Lee,ronald.lee268@company.com,Finance,Software Engineer,74291,2023-04-19,Chicago,Christopher Wright,Active,+1-555-5558,7012 Elm Ave,Chicago,WA,73950,USA,4.6,3,Bachelors,CPA
1269,Michelle Campbell,michelle.campbell269@company.com,Finance,Analyst,51935,2018-09-02,Seattle,Linda Harris,Active,+1-555-7684,4538 Main Dr,Seattle,IL,77142,USA,4.6,2,Masters,CISSP
1270,Angela Edwards,angela.edwards270@company.com,Legal,Analyst,94839,2017-08-20,Los Angeles,Patricia White,Active,+1-555-6801,9939 Pine Rd,Los Angeles,NY,60869,USA,4.8,13,Masters,CPA
1271,Larry Stewart,larry.stewart271@company.com,Engineering,Senior Software Engineer,179572,2015-04-02,Denver,Robert Chen,Active,+1-555-1052,2411 Pine Ln,Denver,WA,24644,USA,4.0,20,Associates,CPA
1272,Lisa Anderson,lisa.anderson272@company.com,Legal,Architect,107056,2023-03-24,Chicago,Sarah Johnson,Active,+1-555-8315,3090 Oak Ln,Chicago,FL,71685,USA,4.2,8,Associates,CISSP
1273,Jason Bell,jason.bell273@company.com,Sales,Coordinator,195066,2020-09-14,New York,Thomas Clark,Active,+1-555-3809,4821 Cedar Ln,New York,FL,53031,USA,4.6,11,PhD,CPA
1274,Barbara Garcia,barbara.garcia274@company.com,IT,Senior Software Engineer,233716,2021-09-21,San Francisco,Patricia White,Active,+1-555-3511,3993 Maple Ave,San Francisco,MA,99878,USA,4.8,3,MBA,AWS Certified
1275,Donna Harris,donna.harris275@company.com,Operations,Manager,216234,2024-11-02,Atlanta,Thomas Clark,Active,+1-555-2998,3616 Pine Ave,Atlanta,WA,95061,USA,4.4,7,PhD,Google Cloud Certified
1276,Sarah Adams,sarah.adams276@company.com,Executive,Director,205131,2016-12-13,Portland,Christopher Wright,Active,+1-555-1735,5180 Maple Dr,Portland,GA,77040,USA,4.7,20,Masters,CISSP
1277,Jason Campbell,jason.campbell277@company.com,HR,Architect,191120,2021-07-20,Atlanta,Michael Brown,Active,+1-555-1755,7174 Cedar Rd,Atlanta,OR,42757,USA,3.6,10,Bachelors,Salesforce Certified
1278,David Reed,david.reed278@company.com,Legal,Software Engineer,143149,2016-05-04,Chicago,David Miller,Active,+1-555-4485,1075 Maple Rd,Chicago,IL,49599,USA,3.6,5,Masters,CISSP
1279,Raymond Turner,raymond.turner279@company.com,Legal,Manager,132061,2021-11-19,Dallas,Patricia White,Active,+1-555-4317,167 Oak Ave,Dallas,MA,37763,USA,4.6,3,Bachelors,PMP Certified
1280,Donna Rogers,donna.rogers280@company.com,Sales,Principal Engineer,231301,2016-02-25,Atlanta,Michael Brown,Active,+1-555-6561,338 Pine Dr,Atlanta,NY,44120,USA,4.9,9,Bachelors,CPA
1281,Michelle Walker,michelle.walker281@company.com,Engineering,Architect,209483,2016-03-21,Los Angeles,Patricia White,Active,+1-555-0048,7154 Main St,Los Angeles,WA,96058,USA,3.8,18,PhD,CPA
1282,Raymond Harris,raymond.harris282@company.com,Customer Success,Manager,146015,2024-08-17,Miami,Linda Harris,Active,+1-555-4149,9049 Pine St,Miami,GA,10951,USA,3.8,11,Masters,Scrum Master
1283,Mark Rivera,mark.rivera283@company.com,Executive,Senior Software Engineer,173671,2020-01-11,Dallas,David Miller,Active,+1-555-1352,2475 Oak St,Dallas,CO,58817,USA,5.0,17,MBA,AWS Certified
1284,Steven Bell,steven.bell284@company.com,IT,Principal Engineer,180577,2016-01-11,Atlanta,Michael Brown,Active,+1-555-5387,5786 Main Ln,Atlanta,CA,12880,USA,3.9,12,Masters,Salesforce Certified
1285,Dorothy Wilson,dorothy.wilson285@company.com,HR,Analyst,105167,2019-07-21,Portland,George Lewis,Active,+1-555-0341,4647 Oak Ln,Portland,FL,39819,USA,3.7,14,PhD,CPA
1286,William Thompson,william.thompson286@company.com,Finance,Specialist,205578,2019-05-05,Boston,George Lewis,Active,+1-555-2266,9975 Cedar Rd,Boston,NY,87025,USA,4.0,3,Bachelors,Google Cloud Certified
1287,Jeffrey Mitchell,jeffrey.mitchell287@company.com,Executive,Manager,194922,2018-06-09,Austin,Thomas Clark,Active,+1-555-2251,8330 Main Dr,Austin,TX,59382,USA,3.9,3,Bachelors,Salesforce Certified
1288,Edward Cook,edward.cook288@company.com,Product,Analyst,133151,2021-07-10,Austin,George Lewis,Active,+1-555-3045,7365 Maple Dr,Austin,CA,93591,USA,4.8,16,PhD,AWS Certified
1289,Ruth Taylor,ruth.taylor289@company.com,IT,Principal Engineer,118957,2020-09-09,Chicago,David Miller,Active,+1-555-4930,6283 Pine Dr,Chicago,CA,18760,USA,4.8,13,PhD,Salesforce Certified
1290,Paul White,paul.white290@company.com,HR,Principal Engineer,157972,2018-02-11,Seattle,Thomas Clark,Active,+1-555-7947,628 Oak Rd,Seattle,NY,34920,USA,4.0,9,Masters,Scrum Master
1291,Maria Johnson,maria.johnson291@company.com,Finance,Principal Engineer,194014,2022-04-06,New York,Linda Harris,Active,+1-555-1062,5302 Maple St,New York,IL,83041,USA,4.4,19,Bachelors,Scrum Master
1292,Daniel Miller,daniel.miller292@company.com,Design,Manager,226194,2022-01-13,Seattle,Linda Harris,Active,+1-555-7519,9445 Main Dr,Seattle,TX,42826,USA,4.1,16,Associates,Google Cloud Certified
1293,Kevin Miller,kevin.miller293@company.com,Legal,Principal Engineer,165513,2019-03-28,Atlanta,Christopher Wright,Active,+1-555-8615,7067 Pine St,Atlanta,IL,89979,USA,3.7,19,Bachelors,CISSP
1294,Maria Stewart,maria.stewart294@company.com,Finance,Software Engineer,126009,2023-09-13,Miami,Christopher Wright,Active,+1-555-0359,3456 Main Dr,Miami,IL,42574,USA,4.6,5,MBA,PMP Certified
1295,Laura Lee,laura.lee295@company.com,IT,Specialist,60592,2015-03-08,Miami,Patricia White,Active,+1-555-4625,4910 Pine Rd,Miami,GA,22849,USA,4.1,5,Bachelors,CPA
1296,Carol Clark,carol.clark296@company.com,IT,Specialist,80171,2015-06-01,Miami,David Miller,Active,+1-555-8283,2145 Cedar Ave,Miami,FL,52972,USA,4.3,11,PhD,SHRM-CP
1297,Susan Edwards,susan.edwards297@company.com,Marketing,Software Engineer,100818,2024-02-06,Dallas,Patricia White,Active,+1-555-5953,3266 Oak St,Dallas,IL,37271,USA,4.2,12,MBA,AWS Certified
1298,Carol Wilson,carol.wilson298@company.com,Design,Manager,213641,2019-06-21,San Francisco,David Miller,Active,+1-555-5869,4897 Cedar Dr,San Francisco,TX,89985,USA,4.9,3,Bachelors,Salesforce Certified
1299,Frank Roberts,frank.roberts299@company.com,Product,Manager,61686,2016-06-13,Boston,Patricia White,Active,+1-555-5960,9694 Maple St,Boston,IL,68114,USA,3.8,11,Bachelors,PMP Certified
1300,Deborah Hall,deborah.hall300@company.com,Sales,Director,70670,2017-03-13,Denver,Michael Brown,Active,+1-555-1047,7972 Pine Ave,Denver,GA,51422,USA,4.3,10,MBA,Salesforce Certified
1301,Michelle Clark,michelle.clark301@company.com,Operations,Specialist,101397,2019-04-06,Denver,Patricia White,Active,+1-555-2497,158 Maple Dr,Denver,CO,64407,USA,4.1,9,MBA,Scrum Master
1302,Ronald Green,ronald.green302@company.com,Sales,Principal Engineer,84313,2023-10-07,Dallas,Sarah Johnson,Active,+1-555-2945,8389 Maple Ln,Dallas,MA,84420,USA,4.0,8,Masters,Scrum Master
1303,Donna Edwards,donna.edwards303@company.com,Customer Success,Director,182922,2016-09-02,Dallas,Thomas Clark,Active,+1-555-7944,6049 Oak Dr,Dallas,IL,93833,USA,4.1,17,Masters,PMP Certified
1304,Deborah Wright,deborah.wright304@company.com,Marketing,Director,112916,2016-12-19,Miami,George Lewis,Active,+1-555-9275,4826 Pine Dr,Miami,CA,10767,USA,4.7,20,PhD,Scrum Master
1305,Kevin Clark,kevin.clark305@company.com,Executive,VP,67189,2019-01-19,San Francisco,Robert Chen,Active,+1-555-2013,6941 Main Ln,San Francisco,CO,67006,USA,3.9,6,Bachelors,SHRM-CP
1306,Patricia Roberts,patricia.roberts306@company.com,Legal,Architect,235857,2016-01-08,Miami,Thomas Clark,Active,+1-555-2189,8923 Maple Rd,Miami,FL,66950,USA,3.7,2,Associates,Salesforce Certified
1307,Thomas Perez,thomas.perez307@company.com,Executive,Lead,163323,2023-07-11,New York,Thomas Clark,Active,+1-555-7583,5467 Cedar Ln,New York,WA,67516,USA,3.9,10,Masters,Google Cloud Certified
1308,Emma Morris,emma.morris308@company.com,IT,VP,66516,2019-06-18,Portland,Christopher Wright,Active,+1-555-4566,366 Maple Ave,Portland,GA,63141,USA,4.9,1,Bachelors,CPA
1309,William Scott,william.scott309@company.com,Design,Architect,115292,2018-01-09,Miami,George Lewis,Active,+1-555-4398,6811 Oak Rd,Miami,CO,64926,USA,4.0,7,Bachelors,SHRM-CP
1310,Larry King,larry.king310@company.com,Finance,Analyst,82698,2021-12-16,Austin,George Lewis,Active,+1-555-4894,3470 Cedar Dr,Austin,GA,98619,USA,4.2,4,PhD,Scrum Master
1311,Jeffrey Thompson,jeffrey.thompson311@company.com,Operations,Senior Software Engineer,129569,2017-10-09,Dallas,Linda Harris,Active,+1-555-8207,5125 Oak Ave,Dallas,WA,23991,USA,4.5,15,Bachelors,Salesforce Certified
1312,Sandra Hall,sandra.hall312@company.com,Operations,Senior Software Engineer,135933,2016-03-24,Miami,Robert Chen,Active,+1-555-5607,200 Pine St,Miami,CO,90541,USA,3.8,1,Masters,CISSP
1313,Sarah Parker,sarah.parker313@company.com,Product,Senior Software Engineer,243455,2019-10-05,New York,David Miller,Active,+1-555-5354,3737 Maple Ave,New York,WA,64562,USA,4.1,10,MBA,CPA
1314,David Roberts,david.roberts314@company.com,Finance,Lead,130867,2015-04-02,Dallas,Sarah Johnson,Active,+1-555-0373,900 Maple Ln,Dallas,CO,96788,USA,4.7,13,Bachelors,PMP Certified
1315,Lisa Bailey,lisa.bailey315@company.com,Executive,Senior Software Engineer,114647,2015-04-16,Boston,Linda Harris,Active,+1-555-8102,4601 Main Ln,Boston,IL,57192,USA,3.5,7,MBA,SHRM-CP
1316,Jennifer Anderson,jennifer.anderson316@company.com,Sales,Principal Engineer,88344,2020-03-15,Atlanta,David Miller,Active,+1-555-7069,9903 Oak Ave,Atlanta,MA,54029,USA,4.0,2,Masters,Scrum Master
1317,William Collins,william.collins317@company.com,Finance,VP,244074,2016-12-14,Miami,Patricia White,Active,+1-555-1827,3224 Pine Dr,Miami,WA,46092,USA,4.6,5,MBA,PMP Certified
1318,Eric Miller,eric.miller318@company.com,Engineering,Specialist,136153,2017-02-07,Denver,Sarah Johnson,Active,+1-555-8022,4551 Pine Ln,Denver,GA,66213,USA,5.0,13,MBA,AWS Certified
1319,Michael Adams,michael.adams319@company.com,HR,Software Engineer,191342,2015-06-17,Austin,Linda Harris,Active,+1-555-0314,4173 Maple St,Austin,NY,48607,USA,4.2,18,Masters,Google Cloud Certified
1320,Helen Bailey,helen.bailey320@company.com,Product,VP,232602,2021-02-27,Chicago,Sarah Johnson,Active,+1-555-4435,7788 Main St,Chicago,CO,55073,USA,4.8,20,Bachelors,Scrum Master
1321,Lisa Perez,lisa.perez321@company.com,Executive,Principal Engineer,123055,2019-05-14,Miami,David Miller,Active,+1-555-3158,7886 Elm Rd,Miami,CA,97836,USA,3.6,16,Associates,AWS Certified
1322,John Collins,john.collins322@company.com,Design,Director,214091,2015-07-03,Boston,Christopher Wright,Active,+1-555-4462,7946 Elm Ave,Boston,NY,30251,USA,3.6,10,Masters,SHRM-CP
1323,Linda Cook,linda.cook323@company.com,Finance,Director,90773,2017-05-16,Portland,George Lewis,Active,+1-555-9487,4518 Oak Rd,Portland,CA,76199,USA,4.9,15,Masters,Google Cloud Certified
1324,Teresa Green,teresa.green324@company.com,Operations,VP,246884,2019-06-06,Portland,Thomas Clark,Active,+1-555-6034,6579 Pine St,Portland,IL,66669,USA,4.2,18,MBA,AWS Certified
1325,Carol Turner,carol.turner325@company.com,Legal,Architect,201000,2022-09-27,Chicago,Robert Chen,Active,+1-555-4450,4649 Pine Dr,Chicago,GA,61142,USA,4.1,7,PhD,Google Cloud Certified
1326,Laura Roberts,laura.roberts326@company.com,Marketing,Principal Engineer,235584,2019-04-21,Los Angeles,Sarah Johnson,Active,+1-555-6493,8629 Cedar Dr,Los Angeles,MA,48075,USA,4.5,2,Masters,Salesforce Certified
1327,Gary Bell,gary.bell327@company.com,Product,Lead,138439,2023-08-09,Portland,David Miller,Active,+1-555-0297,9475 Cedar Dr,Portland,MA,82296,USA,4.2,17,PhD,Google Cloud Certified
1328,Cynthia Anderson,cynthia.anderson328@company.com,Product,Coordinator,143234,2021-04-16,Boston,Robert Chen,Active,+1-555-5397,9689 Cedar Ln,Boston,OR,77140,USA,3.8,20,Masters,AWS Certified
1329,Betty Walker,betty.walker329@company.com,IT,Manager,102010,2024-09-15,Denver,Sarah Johnson,Active,+1-555-2547,819 Cedar Rd,Denver,CA,20146,USA,4.4,12,PhD,AWS Certified
1330,Maria Collins,maria.collins330@company.com,Legal,Manager,194386,2023-06-06,Los Angeles,Linda Harris,Active,+1-555-9268,5942 Cedar Ln,Los Angeles,IL,82852,USA,3.7,6,Masters,SHRM-CP
1331,Eric Martinez,eric.martinez331@company.com,IT,Lead,61725,2016-11-27,Boston,Christopher Wright,Active,+1-555-1736,642 Oak Ave,Boston,NY,33497,USA,3.7,14,Bachelors,Salesforce Certified
1332,Eric Mitchell,eric.mitchell332@company.com,Marketing,Analyst,152677,2022-03-05,Portland,Robert Chen,Active,+1-555-1117,3273 Maple Ave,Portland,TX,68207,USA,4.3,8,Bachelors,AWS Certified
1333,Eric Brown,eric.brown333@company.com,Product,Specialist,127402,2022-01-26,Seattle,George Lewis,Active,+1-555-2417,8182 Main St,Seattle,TX,26655,USA,4.9,7,Bachelors,PMP Certified
1334,Charles Johnson,charles.johnson334@company.com,Executive,VP,56986,2017-12-27,Boston,Patricia White,Active,+1-555-6661,1282 Pine Ln,Boston,FL,61366,USA,4.0,2,Bachelors,Google Cloud Certified
1335,Mark Clark,mark.clark335@company.com,Product,Lead,123502,2020-01-14,Dallas,Robert Chen,Active,+1-555-1203,3955 Main Ln,Dallas,MA,96682,USA,4.4,3,Associates,Scrum Master
1336,Edward Scott,edward.scott336@company.com,Executive,Lead,207477,2021-11-20,Portland,Thomas Clark,Active,+1-555-9573,7719 Maple Ln,Portland,WA,26835,USA,3.8,20,MBA,Google Cloud Certified
1337,Frank Rivera,frank.rivera337@company.com,Customer Success,Manager,145653,2018-10-16,Atlanta,Michael Brown,Active,+1-555-0380,1446 Oak St,Atlanta,MA,85391,USA,4.4,15,Masters,Salesforce Certified
1338,Sandra Bailey,sandra.bailey338@company.com,Design,Analyst,100126,2017-04-12,Los Angeles,Michael Brown,Active,+1-555-7359,3252 Cedar Ave,Los Angeles,CA,58089,USA,3.9,3,MBA,CISSP
1339,Sarah Chen,sarah.chen339@company.com,Finance,Specialist,226277,2017-04-11,New York,Christopher Wright,Active,+1-555-0723,5754 Oak Rd,New York,FL,60763,USA,4.9,12,Associates,PMP Certified
1340,Eric Hall,eric.hall340@company.com,Marketing,Lead,210260,2024-09-14,Seattle,George Lewis,Active,+1-555-4008,9755 Pine Ln,Seattle,GA,20012,USA,5.0,11,Associates,CISSP
1341,Jason King,jason.king341@company.com,HR,Software Engineer,215530,2016-06-26,Austin,Christopher Wright,Active,+1-555-5315,7287 Pine Rd,Austin,GA,70026,USA,3.8,2,PhD,PMP Certified
1342,Jeffrey Anderson,jeffrey.anderson342@company.com,Finance,Manager,127175,2024-12-16,Seattle,George Lewis,Active,+1-555-7991,8597 Cedar St,Seattle,CO,36082,USA,3.7,18,Bachelors,SHRM-CP
1343,Donna Bell,donna.bell343@company.com,Executive,VP,241265,2016-12-24,Denver,Christopher Wright,Active,+1-555-3704,9696 Pine Ln,Denver,FL,74344,USA,4.1,7,MBA,Scrum Master
1344,Betty Harris,betty.harris344@company.com,Sales,Principal Engineer,180298,2022-04-14,Denver,Patricia White,Active,+1-555-4931,4990 Pine Ave,Denver,GA,49525,USA,4.4,18,PhD,CPA
1345,John Cook,john.cook345@company.com,HR,Principal Engineer,179653,2023-06-12,Dallas,George Lewis,Active,+1-555-0442,3270 Maple Dr,Dallas,WA,94933,USA,3.7,1,PhD,CPA
1346,Charles Chen,charles.chen346@company.com,Design,Software Engineer,129009,2024-11-09,Austin,Linda Harris,Active,+1-555-1352,7126 Cedar Dr,Austin,IL,12457,USA,4.3,6,Associates,CPA
1347,Donna Morris,donna.morris347@company.com,Design,Software Engineer,202720,2017-11-16,Denver,Michael Brown,Active,+1-555-4435,5818 Elm Ln,Denver,WA,34562,USA,4.9,10,Bachelors,SHRM-CP
1348,David Green,david.green348@company.com,HR,Director,96552,2018-07-11,Seattle,George Lewis,Active,+1-555-0950,1318 Cedar St,Seattle,CA,78086,USA,4.1,9,Associates,SHRM-CP
1349,Susan Campbell,susan.campbell349@company.com,Legal,Analyst,173332,2024-05-06,Miami,Patricia White,Active,+1-555-5841,3122 Cedar Rd,Miami,MA,83291,USA,3.6,4,Bachelors,Google Cloud Certified
1350,Deborah Reed,deborah.reed350@company.com,Marketing,Principal Engineer,148741,2024-08-21,Denver,Christopher Wright,Active,+1-555-5820,1711 Pine Ave,Denver,OR,22429,USA,4.5,4,Bachelors,Google Cloud Certified
1351,Jason Turner,jason.turner351@company.com,Executive,Specialist,128181,2020-05-10,Boston,Robert Chen,Active,+1-555-1779,8272 Main St,Boston,TX,45563,USA,4.2,9,Masters,CPA
1352,David Scott,david.scott352@company.com,HR,VP,86705,2018-08-06,Chicago,David Miller,Active,+1-555-8907,5777 Pine Rd,Chicago,FL,46070,USA,5.0,11,PhD,PMP Certified
1353,Steven Hall,steven.hall353@company.com,Finance,Analyst,234345,2023-11-24,Dallas,Michael Brown,Active,+1-555-3759,876 Main Rd,Dallas,WA,35287,USA,5.0,8,MBA,PMP Certified
1354,Larry Collins,larry.collins354@company.com,Executive,Lead,174528,2017-08-24,Portland,Thomas Clark,Active,+1-555-6412,8690 Main Ln,Portland,CA,61410,USA,4.5,16,Associates,CISSP
1355,Daniel Bell,daniel.bell355@company.com,Customer Success,Manager,54430,2017-09-27,Boston,George Lewis,Active,+1-555-2037,1591 Cedar Ln,Boston,TX,79684,USA,3.9,20,Bachelors,Scrum Master
1356,Edward White,edward.white356@company.com,Design,Senior Software Engineer,85487,2017-11-08,Atlanta,Linda Harris,Active,+1-555-3421,8051 Oak Ave,Atlanta,FL,28950,USA,3.6,1,Bachelors,Google Cloud Certified
1357,Deborah Johnson,deborah.johnson357@company.com,Marketing,Architect,207555,2017-09-02,Austin,Patricia White,Active,+1-555-0319,4331 Pine Dr,Austin,NY,64621,USA,4.5,10,MBA,Google Cloud Certified
1358,John Mitchell,john.mitchell358@company.com,Design,Director,226178,2024-10-10,Austin,Michael Brown,Active,+1-555-4585,1430 Main Rd,Austin,MA,97056,USA,4.4,5,Masters,AWS Certified
1359,Sandra Rivera,sandra.rivera359@company.com,Legal,Coordinator,245267,2015-08-09,Seattle,Patricia White,Active,+1-555-6102,6369 Elm Rd,Seattle,FL,91926,USA,3.8,9,Masters,CISSP
1360,Frank Wilson,frank.wilson360@company.com,Engineering,Analyst,67878,2018-03-04,Seattle,Christopher Wright,Active,+1-555-5438,1184 Oak Ave,Seattle,TX,77870,USA,4.8,11,Bachelors,Google Cloud Certified
1361,Donna Wright,donna.wright361@company.com,Finance,Director,170015,2021-07-03,Miami,George Lewis,Active,+1-555-5007,118 Pine Ave,Miami,NY,51226,USA,4.2,16,Masters,Google Cloud Certified
1362,Emma Martinez,emma.martinez362@company.com,Executive,Senior Software Engineer,53982,2015-06-28,Denver,Sarah Johnson,Active,+1-555-2319,5195 Cedar St,Denver,OR,89958,USA,3.6,13,Bachelors,AWS Certified
1363,Charles King,charles.king363@company.com,Product,Principal Engineer,189262,2020-01-22,New York,David Miller,Active,+1-555-7865,7271 Pine Ave,New York,CA,29277,USA,4.7,7,Associates,Google Cloud Certified
1364,Michael Miller,michael.miller364@company.com,Marketing,Analyst,128035,2015-01-09,Boston,George Lewis,Active,+1-555-5415,1339 Maple Dr,Boston,IL,91175,USA,3.9,14,Associates,PMP Certified
1365,Cynthia Parker,cynthia.parker365@company.com,Sales,Analyst,56813,2017-05-14,Los Angeles,Linda Harris,Active,+1-555-8458,610 Main St,Los Angeles,WA,51415,USA,3.7,12,Bachelors,SHRM-CP
1366,Carol Adams,carol.adams366@company.com,Engineering,Specialist,143168,2023-01-06,Chicago,George Lewis,Active,+1-555-8765,6366 Cedar Ln,Chicago,NY,19982,USA,4.3,17,Bachelors,CISSP
1367,Helen Garcia,helen.garcia367@company.com,Marketing,VP,222860,2024-01-26,Austin,Thomas Clark,Active,+1-555-1435,3395 Maple Ln,Austin,FL,72059,USA,3.8,15,Masters,Scrum Master
1368,Ruth Adams,ruth.adams368@company.com,Product,Specialist,212995,2016-01-14,Miami,Linda Harris,Active,+1-555-9607,3191 Maple St,Miami,TX,92301,USA,4.0,4,MBA,SHRM-CP
1369,Cynthia Mitchell,cynthia.mitchell369@company.com,Product,Specialist,180394,2018-08-28,Chicago,Robert Chen,Active,+1-555-7523,6548 Maple Rd,Chicago,OR,86432,USA,3.7,5,Masters,SHRM-CP
1370,Michael Miller,michael.miller370@company.com,Product,Senior Software Engineer,148180,2017-01-09,Seattle,Sarah Johnson,Active,+1-555-4043,2873 Oak Ln,Seattle,CA,14188,USA,3.7,17,Associates,PMP Certified
1371,Larry Anderson,larry.anderson371@company.com,Executive,Architect,177514,2022-10-01,San Francisco,Linda Harris,Active,+1-555-2682,8021 Pine Ave,San Francisco,CO,42053,USA,4.8,20,Bachelors,CISSP
1372,Ronald Smith,ronald.smith372@company.com,Legal,Coordinator,84091,2023-06-27,Atlanta,Sarah Johnson,Active,+1-555-0648,4500 Cedar St,Atlanta,TX,42045,USA,4.5,11,Associates,PMP Certified
1373,Maria Roberts,maria.roberts373@company.com,Operations,Coordinator,151238,2022-09-10,Portland,David Miller,Active,+1-555-3881,483 Main Ave,Portland,CA,54050,USA,4.7,12,MBA,Google Cloud Certified
1374,Helen Mitchell,helen.mitchell374@company.com,Finance,Architect,171453,2020-08-17,Los Angeles,Thomas Clark,Active,+1-555-4432,7357 Elm Dr,Los Angeles,MA,45733,USA,4.5,5,Associates,CPA
1375,Richard Taylor,richard.taylor375@company.com,Engineering,Director,129111,2016-05-14,Los Angeles,Christopher Wright,Active,+1-555-3093,8612 Maple St,Los Angeles,WA,58225,USA,4.0,9,Masters,CISSP
1376,Charles Campbell,charles.campbell376@company.com,IT,Lead,59271,2017-11-19,Austin,George Lewis,Active,+1-555-1751,9136 Pine Ln,Austin,OR,16100,USA,4.1,6,Bachelors,Salesforce Certified
1377,Carol Morgan,carol.morgan377@company.com,HR,Director,196507,2023-10-02,Seattle,Patricia White,Active,+1-555-2974,7913 Oak St,Seattle,GA,63075,USA,3.8,16,MBA,CISSP
1378,John Miller,john.miller378@company.com,Sales,Principal Engineer,200064,2017-07-27,Los Angeles,Patricia White,Active,+1-555-7220,449 Pine Rd,Los Angeles,NY,65546,USA,4.5,8,MBA,CISSP
1379,Mark Green,mark.green379@company.com,Customer Success,Analyst,203835,2017-06-24,Atlanta,David Miller,Active,+1-555-0214,7809 Pine Rd,Atlanta,MA,24860,USA,4.6,14,MBA,PMP Certified
1380,Sarah Brown,sarah.brown380@company.com,Finance,Specialist,132712,2015-08-23,Denver,Robert Chen,Active,+1-555-3898,7436 Elm Rd,Denver,CO,53722,USA,4.4,20,MBA,CISSP
1381,Charles White,charles.white381@company.com,Marketing,Specialist,103870,2022-08-13,Chicago,Robert Chen,Active,+1-555-0872,199 Elm Dr,Chicago,CO,50165,USA,3.6,16,Associates,CISSP
1382,Thomas Harris,thomas.harris382@company.com,IT,Lead,219984,2018-01-06,Chicago,Robert Chen,Active,+1-555-4727,1019 Maple Rd,Chicago,WA,52766,USA,3.8,2,Bachelors,AWS Certified
1383,Edward King,edward.king383@company.com,Sales,Manager,162424,2023-09-15,San Francisco,Sarah Johnson,Active,+1-555-0381,300 Maple Dr,San Francisco,IL,12027,USA,4.1,18,Associates,Salesforce Certified
1384,Patricia Lee,patricia.lee384@company.com,Engineering,Specialist,192870,2020-12-13,San Francisco,Sarah Johnson,Active,+1-555-2564,9027 Cedar Rd,San Francisco,NY,82930,USA,4.9,19,PhD,PMP Certified
1385,Donna Murphy,donna.murphy385@company.com,Engineering,VP,128666,2023-01-25,Austin,Michael Brown,Active,+1-555-1048,8146 Oak Rd,Austin,TX,81651,USA,4.1,18,Bachelors,Google Cloud Certified
1386,Steven Harris,steven.harris386@company.com,Sales,Manager,134960,2021-08-26,Atlanta,Sarah Johnson,Active,+1-555-5299,8078 Pine St,Atlanta,NY,50334,USA,4.6,7,MBA,CPA
1387,David Wright,david.wright387@company.com,IT,Specialist,192137,2020-03-11,Chicago,David Miller,Active,+1-555-7453,6630 Oak Rd,Chicago,WA,41180,USA,4.6,1,Bachelors,CISSP
1388,David Rogers,david.rogers388@company.com,Customer Success,Senior Software Engineer,53571,2018-04-23,Seattle,Thomas Clark,Active,+1-555-7344,4948 Pine Dr,Seattle,WA,43491,USA,5.0,3,PhD,SHRM-CP
1389,Brian Harris,brian.harris389@company.com,Marketing,Specialist,162460,2017-02-24,Austin,David Miller,Active,+1-555-6293,181 Cedar Rd,Austin,WA,40225,USA,4.7,18,MBA,Scrum Master
1390,Ronald Smith,ronald.smith390@company.com,Finance,Specialist,233873,2023-12-03,Boston,George Lewis,Active,+1-555-1248,7841 Elm Ln,Boston,WA,48835,USA,3.8,2,Associates,CPA
1391,Dorothy Brown,dorothy.brown391@company.com,Operations,Manager,76397,2020-05-23,Atlanta,Christopher Wright,Active,+1-555-5836,2344 Cedar Dr,Atlanta,GA,10911,USA,4.1,2,Masters,CPA
1392,Helen Lee,helen.lee392@company.com,Product,Architect,165806,2015-08-23,Denver,Thomas Clark,Active,+1-555-7421,6411 Maple Dr,Denver,WA,22733,USA,4.7,3,Bachelors,Salesforce Certified
1393,Kevin Cook,kevin.cook393@company.com,HR,Senior Software Engineer,227342,2018-05-23,Atlanta,Christopher Wright,Active,+1-555-8946,4148 Cedar Dr,Atlanta,TX,93996,USA,4.2,11,Associates,Salesforce Certified
1394,Jason Lewis,jason.lewis394@company.com,Finance,Coordinator,153227,2024-01-09,Portland,Christopher Wright,Active,+1-555-4325,9887 Maple Dr,Portland,CO,73906,USA,4.5,2,Associates,CPA
1395,Deborah Wright,deborah.wright395@company.com,Sales,Architect,204707,2017-12-18,New York,Christopher Wright,Active,+1-555-2229,8705 Main Dr,New York,IL,42264,USA,4.8,15,PhD,PMP Certified
1396,Teresa Edwards,teresa.edwards396@company.com,IT,Lead,227361,2020-12-02,New York,George Lewis,Active,+1-555-0838,5026 Maple Ave,New York,CA,14841,USA,4.3,10,Associates,Google Cloud Certified
1397,Robert Rogers,robert.rogers397@company.com,Engineering,VP,235427,2017-08-07,Chicago,Linda Harris,Active,+1-555-9277,1658 Pine Rd,Chicago,NY,87444,USA,3.9,18,Masters,SHRM-CP
1398,Raymond Martinez,raymond.martinez398@company.com,IT,Senior Software Engineer,207176,2015-02-12,Los Angeles,Michael Brown,Active,+1-555-3013,5659 Oak Dr,Los Angeles,MA,23280,USA,3.8,17,PhD,PMP Certified
1399,David Taylor,david.taylor399@company.com,Finance,Senior Software Engineer,193717,2015-09-26,Atlanta,Robert Chen,Active,+1-555-9689,515 Pine Ave,Atlanta,WA,10182,USA,3.6,15,Associates,AWS Certified
1400,William Morgan,william.morgan400@company.com,Design,Lead,145758,2015-06-09,Seattle,Robert Chen,Active,+1-555-1792,1860 Cedar Dr,Seattle,MA,33685,USA,4.3,11,Masters,SHRM-CP
1401,Robert Anderson,robert.anderson401@company.com,IT,Architect,159397,2021-11-20,San Francisco,David Miller,Active,+1-555-7946,1680 Elm Ave,San Francisco,TX,27091,USA,4.8,8,Bachelors,SHRM-CP
1402,Donna Carter,donna.carter402@company.com,Product,Analyst,58392,2016-08-22,Seattle,Christopher Wright,Active,+1-555-2077,5371 Oak Ave,Seattle,FL,80760,USA,4.8,16,PhD,Scrum Master
1403,Betty Murphy,betty.murphy403@company.com,IT,Manager,150164,2016-01-05,Chicago,Robert Chen,Active,+1-555-9888,5762 Cedar Dr,Chicago,CA,69401,USA,4.1,6,PhD,AWS Certified
1404,Dorothy Phillips,dorothy.phillips404@company.com,Legal,Architect,161819,2020-08-10,Boston,Robert Chen,Active,+1-555-3935,9880 Cedar Ave,Boston,CA,49910,USA,3.7,19,Bachelors,CISSP
1405,Angela Harris,angela.harris405@company.com,Finance,Senior Software Engineer,69360,2021-12-28,Portland,Robert Chen,Active,+1-555-8279,3478 Maple St,Portland,IL,20233,USA,4.0,10,Masters,SHRM-CP
1406,Daniel Walker,daniel.walker406@company.com,Product,Lead,242149,2019-07-26,New York,Patricia White,Active,+1-555-3674,2089 Pine Dr,New York,WA,17182,USA,4.5,16,Masters,AWS Certified
1407,Linda Bailey,linda.bailey407@company.com,Product,Coordinator,185691,2015-07-15,Dallas,Linda Harris,Active,+1-555-1967,2137 Pine Ave,Dallas,GA,87701,USA,4.9,3,MBA,Salesforce Certified
1408,Daniel Edwards,daniel.edwards408@company.com,Sales,Coordinator,54804,2023-10-23,Dallas,Patricia White,Active,+1-555-3588,1521 Elm Ave,Dallas,MA,80015,USA,4.3,13,Masters,Salesforce Certified
1409,Robert Rivera,robert.rivera409@company.com,Product,Software Engineer,237388,2021-10-02,New York,Linda Harris,Active,+1-555-5078,7377 Oak Rd,New York,CA,67272,USA,4.6,8,MBA,CPA
1410,Helen Allen,helen.allen410@company.com,Marketing,Coordinator,121025,2020-11-07,Boston,Patricia White,Active,+1-555-5337,821 Pine Dr,Boston,FL,63659,USA,4.0,17,Bachelors,AWS Certified
1411,Angela King,angela.king411@company.com,Customer Success,Manager,206509,2020-05-27,New York,Linda Harris,Active,+1-555-6053,5897 Oak Rd,New York,TX,56521,USA,3.7,13,Masters,SHRM-CP
1412,Ronald Walker,ronald.walker412@company.com,Sales,Specialist,84981,2022-04-14,Denver,Michael Brown,Active,+1-555-7525,1771 Pine St,Denver,MA,38986,USA,4.8,1,Bachelors,AWS Certified
1413,Kevin Roberts,kevin.roberts413@company.com,Engineering,Architect,160399,2018-06-12,New York,Robert Chen,Active,+1-555-2612,9361 Elm Rd,New York,CO,95590,USA,4.4,13,Associates,SHRM-CP
1414,Kevin Evans,kevin.evans414@company.com,Design,Specialist,224730,2024-03-15,Austin,George Lewis,Active,+1-555-5184,2573 Main Rd,Austin,GA,83630,USA,4.0,7,Associates,AWS Certified
1415,Sandra Morris,sandra.morris415@company.com,Sales,Coordinator,198707,2016-02-28,Dallas,Patricia White,Active,+1-555-9715,6987 Main Ln,Dallas,CA,77444,USA,4.7,20,MBA,CPA
1416,Maria Evans,maria.evans416@company.com,Sales,Director,93402,2022-11-16,Chicago,Linda Harris,Active,+1-555-2467,92 Oak St,Chicago,CO,75576,USA,4.8,6,PhD,SHRM-CP
1417,Larry Evans,larry.evans417@company.com,Finance,Lead,59244,2017-03-27,Dallas,Patricia White,Active,+1-555-3801,9080 Maple Ln,Dallas,MA,59334,USA,4.1,7,Bachelors,PMP Certified
1418,Linda Green,linda.green418@company.com,Sales,Lead,154434,2023-12-06,San Francisco,Christopher Wright,Active,+1-555-4971,7112 Elm Ave,San Francisco,NY,61113,USA,5.0,16,Bachelors,SHRM-CP
1419,Steven Roberts,steven.roberts419@company.com,Engineering,Specialist,145203,2024-09-14,Seattle,Christopher Wright,Active,+1-555-9375,9777 Elm Dr,Seattle,CO,16625,USA,4.0,4,Masters,AWS Certified
1420,Christopher Smith,christopher.smith420@company.com,Design,Architect,192224,2020-06-13,Portland,David Miller,Active,+1-555-5903,1527 Elm Ave,Portland,NY,99441,USA,3.6,13,Bachelors,Scrum Master
1421,Susan Allen,susan.allen421@company.com,Executive,VP,89004,2021-10-23,Portland,Christopher Wright,Active,+1-555-2242,4570 Elm St,Portland,CO,42724,USA,3.7,16,PhD,PMP Certified
1422,Susan Baker,susan.baker422@company.com,Design,Architect,80224,2024-07-04,Dallas,Michael Brown,Active,+1-555-1012,6145 Cedar Ln,Dallas,OR,20934,USA,4.0,3,Associates,Google Cloud Certified
1423,Sharon Young,sharon.young423@company.com,Design,Lead,162297,2019-11-14,San Francisco,George Lewis,Active,+1-555-4711,1061 Cedar Ave,San Francisco,TX,52023,USA,3.9,14,Bachelors,SHRM-CP
1424,Sarah Thompson,sarah.thompson424@company.com,Sales,Specialist,117421,2016-02-24,Portland,Michael Brown,Active,+1-555-9900,6289 Cedar Rd,Portland,CA,90471,USA,4.6,1,MBA,AWS Certified
1425,Dorothy Rivera,dorothy.rivera425@company.com,Executive,Senior Software Engineer,136179,2020-02-08,Portland,Thomas Clark,Active,+1-555-6579,9223 Maple Ave,Portland,MA,42267,USA,4.9,13,Masters,Scrum Master
1426,Sharon Wright,sharon.wright426@company.com,Design,Coordinator,100397,2015-09-21,Dallas,Christopher Wright,Active,+1-555-6991,5873 Cedar Rd,Dallas,CO,44515,USA,4.3,19,PhD,SHRM-CP
1427,Deborah Chen,deborah.chen427@company.com,Finance,Software Engineer,141208,2017-06-15,Portland,Linda Harris,Active,+1-555-1972,7752 Main Ln,Portland,OR,11461,USA,3.8,20,Associates,CISSP
1428,Richard Chen,richard.chen428@company.com,Marketing,Coordinator,184482,2024-10-05,Boston,Michael Brown,Active,+1-555-2008,8758 Pine Ave,Boston,WA,20932,USA,3.5,8,Associates,PMP Certified
1429,Brian Harris,brian.harris429@company.com,Engineering,Specialist,224863,2015-01-05,Chicago,David Miller,Active,+1-555-5007,176 Cedar Dr,Chicago,CA,86879,USA,4.1,2,Masters,CISSP
1430,Sandra Wright,sandra.wright430@company.com,Executive,Director,89264,2017-10-01,Miami,Linda Harris,Active,+1-555-1861,356 Pine Dr,Miami,FL,46814,USA,4.0,8,Masters,AWS Certified
1431,Emma Miller,emma.miller431@company.com,HR,Senior Software Engineer,195898,2015-10-02,Miami,David Miller,Active,+1-555-2327,6974 Elm Rd,Miami,WA,84182,USA,3.5,12,MBA,Google Cloud Certified
1432,Helen Jackson,helen.jackson432@company.com,Customer Success,Principal Engineer,67669,2020-06-20,Atlanta,Michael Brown,Active,+1-555-0445,1866 Main Rd,Atlanta,NY,57206,USA,4.6,19,Associates,Google Cloud Certified
1433,Frank Clark,frank.clark433@company.com,Design,VP,234230,2024-06-25,New York,David Miller,Active,+1-555-8970,8201 Main Ave,New York,CA,43044,USA,5.0,9,Bachelors,PMP Certified
1434,Dorothy Anderson,dorothy.anderson434@company.com,Sales,VP,64083,2016-03-18,Seattle,David Miller,Active,+1-555-7985,4593 Cedar Ln,Seattle,CO,83074,USA,4.3,5,Bachelors,CPA
1435,Michelle Morgan,michelle.morgan435@company.com,Engineering,Coordinator,196088,2016-06-20,San Francisco,Michael Brown,Active,+1-555-0023,6568 Pine Dr,San Francisco,TX,87892,USA,3.6,3,Bachelors,PMP Certified
1436,Nancy Lewis,nancy.lewis436@company.com,Executive,Manager,133446,2024-12-10,Los Angeles,Robert Chen,Active,+1-555-5824,2251 Oak St,Los Angeles,GA,59926,USA,4.6,1,Bachelors,Salesforce Certified
1437,Brian Evans,brian.evans437@company.com,Customer Success,Manager,126189,2024-09-17,Miami,Christopher Wright,Active,+1-555-2626,615 Oak Ave,Miami,GA,56116,USA,3.9,6,Masters,AWS Certified
1438,Lisa Taylor,lisa.taylor438@company.com,Sales,Manager,184993,2019-01-20,Boston,Linda Harris,Active,+1-555-6051,9456 Elm St,Boston,WA,38933,USA,5.0,4,Associates,CISSP
1439,Donna Johnson,donna.johnson439@company.com,Product,Software Engineer,68026,2016-08-07,New York,Thomas Clark,Active,+1-555-7541,4723 Maple Dr,New York,CO,47134,USA,3.6,14,Bachelors,PMP Certified
1440,John Jackson,john.jackson440@company.com,Sales,Director,187176,2018-10-11,Chicago,Patricia White,Active,+1-555-5662,5341 Main Ave,Chicago,OR,61894,USA,3.9,5,MBA,Google Cloud Certified
1441,Barbara Stewart,barbara.stewart441@company.com,Executive,Director,117800,2022-12-06,New York,Robert Chen,Active,+1-555-2204,9413 Elm Dr,New York,TX,98368,USA,4.3,20,Masters,PMP Certified
1442,Steven Carter,steven.carter442@company.com,IT,Analyst,68022,2022-09-22,San Francisco,George Lewis,Active,+1-555-6549,1292 Elm Ln,San Francisco,CO,62769,USA,4.0,5,Bachelors,Scrum Master
1443,Richard Thompson,richard.thompson443@company.com,HR,Manager,115712,2018-08-14,Atlanta,Robert Chen,Active,+1-555-4178,1909 Main Dr,Atlanta,OR,12914,USA,3.8,4,Associates,AWS Certified
1444,Deborah Martinez,deborah.martinez444@company.com,Finance,Lead,161167,2022-12-28,Miami,Sarah Johnson,Active,+1-555-1181,1444 Elm Ave,Miami,IL,92157,USA,3.9,8,PhD,CISSP
1445,Larry Bell,larry.bell445@company.com,Finance,Coordinator,189190,2020-05-06,Seattle,David Miller,Active,+1-555-5634,9605 Main Rd,Seattle,IL,78932,USA,4.8,3,PhD,CISSP
1446,Thomas Clark,thomas.clark446@company.com,Product,Software Engineer,53900,2016-05-28,Dallas,Michael Brown,Active,+1-555-0739,6991 Pine Ave,Dallas,MA,58932,USA,5.0,6,PhD,Google Cloud Certified
1447,Emma Baker,emma.baker447@company.com,Legal,Architect,85236,2022-09-08,San Francisco,Thomas Clark,Active,+1-555-4995,855 Pine Ave,San Francisco,MA,97944,USA,4.3,13,PhD,Google Cloud Certified
1448,Kevin Morris,kevin.morris448@company.com,HR,Senior Software Engineer,147899,2023-02-15,Boston,Michael Brown,Active,+1-555-1881,909 Elm Ave,Boston,OR,77166,USA,4.8,7,MBA,Scrum Master
1449,Laura Morris,laura.morris449@company.com,Engineering,Principal Engineer,175815,2021-11-12,Los Angeles,David Miller,Active,+1-555-3215,2693 Elm Ave,Los Angeles,TX,51078,USA,3.7,19,MBA,AWS Certified
1450,Carol Wilson,carol.wilson450@company.com,Design,Lead,77776,2021-09-11,Miami,Linda Harris,Active,+1-555-9903,652 Main Dr,Miami,CO,56218,USA,3.9,18,Masters,Scrum Master
1451,Charles Rivera,charles.rivera451@company.com,Marketing,Senior Software Engineer,106707,2022-12-16,Denver,Robert Chen,Active,+1-555-0165,9012 Main Dr,Denver,WA,77788,USA,3.6,4,Bachelors,Salesforce Certified
1452,Barbara Johnson,barbara.johnson452@company.com,Marketing,Director,100966,2019-11-13,Chicago,David Miller,Active,+1-555-4332,9788 Pine Rd,Chicago,TX,30011,USA,4.6,14,PhD,CPA
1453,Ruth Murphy,ruth.murphy453@company.com,Marketing,Principal Engineer,120981,2023-11-03,Atlanta,Christopher Wright,Active,+1-555-9541,1291 Main Dr,Atlanta,CA,79605,USA,4.6,12,PhD,SHRM-CP
1454,Donna Evans,donna.evans454@company.com,Executive,Manager,146547,2024-06-20,Portland,George Lewis,Active,+1-555-7861,9013 Cedar Dr,Portland,WA,67547,USA,4.3,2,MBA,Salesforce Certified
1455,Maria Morris,maria.morris455@company.com,Executive,Specialist,175590,2022-02-22,Austin,Robert Chen,Active,+1-555-9569,7972 Main Ln,Austin,MA,25284,USA,4.2,7,PhD,SHRM-CP
1456,Cynthia Green,cynthia.green456@company.com,Engineering,Manager,161977,2021-09-27,Los Angeles,Linda Harris,Active,+1-555-8665,5714 Cedar Ave,Los Angeles,MA,54501,USA,4.3,10,Associates,Scrum Master
1457,Paul Mitchell,paul.mitchell457@company.com,HR,Senior Software Engineer,226127,2015-02-18,Dallas,David Miller,Active,+1-555-0775,6348 Oak Dr,Dallas,IL,86256,USA,3.8,13,Bachelors,Scrum Master
1458,Maria White,maria.white458@company.com,IT,Coordinator,84622,2020-04-03,Los Angeles,Linda Harris,Active,+1-555-1259,5642 Main Ln,Los Angeles,GA,13921,USA,4.0,3,PhD,Salesforce Certified
1459,Daniel Baker,daniel.baker459@company.com,Customer Success,Lead,197524,2017-08-02,San Francisco,Michael Brown,Active,+1-555-4476,4684 Pine Rd,San Francisco,WA,19070,USA,3.6,12,PhD,Salesforce Certified
1460,Kevin Anderson,kevin.anderson460@company.com,HR,Analyst,227428,2024-07-03,Denver,Patricia White,Active,+1-555-9791,6688 Oak Ave,Denver,IL,20240,USA,4.8,7,Bachelors,CISSP
1461,Mark Scott,mark.scott461@company.com,Legal,Lead,227704,2024-09-17,San Francisco,David Miller,Active,+1-555-1074,3035 Oak Rd,San Francisco,FL,54666,USA,4.5,13,Associates,CPA
1462,Robert Perez,robert.perez462@company.com,Design,VP,142530,2021-01-17,Miami,Linda Harris,Active,+1-555-4472,2893 Pine St,Miami,IL,88284,USA,4.0,10,PhD,CISSP
1463,Maria Collins,maria.collins463@company.com,Design,Analyst,233633,2017-11-11,Boston,Patricia White,Active,+1-555-6645,2789 Pine Ave,Boston,CO,72908,USA,4.0,16,Masters,PMP Certified
1464,Kevin Roberts,kevin.roberts464@company.com,IT,Analyst,150253,2022-05-21,Denver,Sarah Johnson,Active,+1-555-8998,472 Main Ln,Denver,NY,40759,USA,4.4,14,Bachelors,Salesforce Certified
1465,Larry Phillips,larry.phillips465@company.com,Design,Architect,143574,2017-08-26,Denver,David Miller,Active,+1-555-9841,6186 Cedar St,Denver,TX,35991,USA,4.9,16,MBA,AWS Certified
1466,James Lee,james.lee466@company.com,Finance,Lead,78980,2017-04-10,Miami,Patricia White,Active,+1-555-6360,1643 Pine Dr,Miami,CA,73614,USA,4.5,1,Bachelors,PMP Certified
1467,Jason Johnson,jason.johnson467@company.com,Engineering,Specialist,216840,2021-05-21,New York,Patricia White,Active,+1-555-6920,4362 Pine Ave,New York,CO,59600,USA,4.6,18,PhD,Google Cloud Certified
1468,David Rogers,david.rogers468@company.com,Finance,Coordinator,61855,2021-12-13,Seattle,George Lewis,Active,+1-555-2684,874 Cedar Rd,Seattle,FL,17938,USA,4.3,14,MBA,PMP Certified
1469,David Harris,david.harris469@company.com,Product,Specialist,226081,2019-02-26,Dallas,Michael Brown,Active,+1-555-7855,5890 Oak Rd,Dallas,CO,54843,USA,4.8,10,MBA,Scrum Master
1470,John Martinez,john.martinez470@company.com,Sales,Lead,59746,2016-08-11,Seattle,David Miller,Active,+1-555-9539,5509 Cedar Ave,Seattle,CO,62874,USA,4.7,16,PhD,SHRM-CP
1471,David Roberts,david.roberts471@company.com,Product,Lead,148445,2017-07-07,Denver,Patricia White,Active,+1-555-8524,4091 Cedar St,Denver,GA,99506,USA,4.5,1,MBA,CPA
1472,Kevin Green,kevin.green472@company.com,Marketing,Software Engineer,212772,2018-12-15,Austin,Michael Brown,Active,+1-555-7208,2465 Cedar Ave,Austin,IL,64510,USA,3.9,6,PhD,PMP Certified
1473,John Smith,john.smith473@company.com,Operations,Lead,136611,2020-07-18,New York,Sarah Johnson,Active,+1-555-8364,1223 Pine Rd,New York,NY,25872,USA,3.8,1,Masters,CISSP
1474,Michael Bell,michael.bell474@company.com,Customer Success,Analyst,72000,2019-05-08,Dallas,Michael Brown,Active,+1-555-3476,6228 Pine Dr,Dallas,TX,98680,USA,4.1,8,Masters,Scrum Master
1475,John Allen,john.allen475@company.com,Engineering,Architect,198361,2017-04-28,Seattle,George Lewis,Active,+1-555-0387,6563 Cedar Ave,Seattle,MA,10186,USA,3.8,6,Masters,Google Cloud Certified
1476,James Garcia,james.garcia476@company.com,Finance,Software Engineer,85791,2019-05-11,Los Angeles,David Miller,Active,+1-555-8152,706 Oak Ave,Los Angeles,CA,70810,USA,3.9,6,Associates,CPA
1477,Richard Roberts,richard.roberts477@company.com,Operations,Architect,87979,2016-06-05,San Francisco,Sarah Johnson,Active,+1-555-3400,3781 Oak Rd,San Francisco,IL,82386,USA,4.9,2,PhD,PMP Certified
1478,Jennifer Wright,jennifer.wright478@company.com,Legal,Specialist,184512,2022-01-02,Los Angeles,David Miller,Active,+1-555-1286,1348 Main Ave,Los Angeles,IL,14268,USA,5.0,5,PhD,Google Cloud Certified
1479,Lisa Morris,lisa.morris479@company.com,Engineering,Specialist,60722,2016-02-26,New York,Thomas Clark,Active,+1-555-1832,1150 Pine Ave,New York,WA,72268,USA,3.9,7,PhD,Google Cloud Certified
1480,Maria Reed,maria.reed480@company.com,Product,Lead,59311,2018-11-16,San Francisco,Michael Brown,Active,+1-555-0028,9683 Maple Rd,San Francisco,WA,64789,USA,3.9,13,Bachelors,CISSP
1481,Susan Miller,susan.miller481@company.com,Legal,Principal Engineer,55020,2016-07-14,Atlanta,George Lewis,Active,+1-555-4770,5309 Oak Ln,Atlanta,TX,11035,USA,5.0,19,MBA,Scrum Master
1482,Raymond Wilson,raymond.wilson482@company.com,Sales,Coordinator,235897,2023-08-01,Miami,Linda Harris,Active,+1-555-4991,3270 Elm Ave,Miami,NY,20555,USA,4.7,6,PhD,AWS Certified
1483,Helen Turner,helen.turner483@company.com,Finance,Principal Engineer,212737,2019-06-14,Seattle,George Lewis,Active,+1-555-7194,922 Main Dr,Seattle,FL,18710,USA,4.1,19,Masters,Google Cloud Certified
1484,Dorothy Stewart,dorothy.stewart484@company.com,IT,Manager,247361,2024-10-10,Atlanta,David Miller,Active,+1-555-7671,5987 Oak Ln,Atlanta,MA,51310,USA,3.6,20,Masters,Google Cloud Certified
1485,Linda Wilson,linda.wilson485@company.com,Operations,Analyst,73245,2016-03-15,Miami,George Lewis,Active,+1-555-8074,1926 Oak Ln,Miami,MA,21500,USA,3.7,9,Masters,Google Cloud Certified
1486,Donna King,donna.king486@company.com,Sales,Specialist,109117,2019-02-08,Dallas,Linda Harris,Active,+1-555-6284,4883 Cedar Rd,Dallas,IL,28130,USA,4.8,7,Associates,Salesforce Certified
1487,Mark Parker,mark.parker487@company.com,Legal,Architect,170685,2016-06-24,Austin,Thomas Clark,Active,+1-555-9202,9248 Oak Rd,Austin,CA,97518,USA,4.6,6,Masters,SHRM-CP
1488,Betty Morgan,betty.morgan488@company.com,Customer Success,Principal Engineer,86375,2023-11-04,Austin,Sarah Johnson,Active,+1-555-5363,9892 Elm St,Austin,IL,72482,USA,4.9,7,MBA,Salesforce Certified
1489,Susan Baker,susan.baker489@company.com,Operations,Senior Software Engineer,60886,2022-06-25,San Francisco,Patricia White,Active,+1-555-3908,6718 Pine Dr,San Francisco,WA,89415,USA,3.7,15,Masters,PMP Certified
1490,Susan Carter,susan.carter490@company.com,Finance,Analyst,248081,2015-03-15,Seattle,Michael Brown,Active,+1-555-2225,9087 Cedar Ln,Seattle,WA,56263,USA,4.5,9,Bachelors,SHRM-CP
1491,Jennifer Chen,jennifer.chen491@company.com,Sales,Software Engineer,204413,2019-06-11,Miami,George Lewis,Active,+1-555-6449,1358 Pine Ave,Miami,GA,85956,USA,4.9,17,Associates,CISSP
1492,William Smith,william.smith492@company.com,Sales,Director,108076,2020-07-01,Miami,David Miller,Active,+1-555-1591,117 Cedar Ave,Miami,IL,61508,USA,3.9,9,MBA,AWS Certified
1493,William Reed,william.reed493@company.com,Engineering,Director,172922,2020-11-25,Portland,Michael Brown,Active,+1-555-7513,5370 Main Ln,Portland,IL,83131,USA,3.9,4,Bachelors,Scrum Master
1494,Edward Wright,edward.wright494@company.com,Product,Software Engineer,186802,2024-01-26,New York,David Miller,Active,+1-555-5223,5766 Pine Dr,New York,GA,30532,USA,4.5,18,Masters,Google Cloud Certified
1495,Ronald Garcia,ronald.garcia495@company.com,Operations,Director,166507,2016-07-23,Miami,Robert Chen,Active,+1-555-9643,6769 Pine St,Miami,CO,83497,USA,4.7,12,Bachelors,CPA
1496,Eric Campbell,eric.campbell496@company.com,Executive,Senior Software Engineer,88474,2020-06-18,Boston,Michael Brown,Active,+1-555-4296,6862 Elm Ln,Boston,WA,85906,USA,3.8,15,Associates,CPA
1497,Christopher Parker,christopher.parker497@company.com,Product,Architect,241618,2023-03-25,Denver,Robert Chen,Active,+1-555-7993,8702 Cedar St,Denver,MA,31423,USA,4.6,2,Masters,Scrum Master
1498,Lisa Wilson,lisa.wilson498@company.com,Operations,Senior Software Engineer,82230,2022-05-07,Denver,David Miller,Active,+1-555-1559,7652 Oak Dr,Denver,OR,45329,USA,4.9,1,PhD,CPA
1499,Kevin Baker,kevin.baker499@company.com,Customer Success,Lead,163735,2020-03-24,Dallas,Linda Harris,Active,+1-555-1319,6106 Oak Rd,Dallas,CA,74112,USA,4.1,12,MBA,Salesforce Certified
1500,Daniel Miller,daniel.miller500@company.com,Legal,Principal Engineer,140751,2016-11-04,Miami,Christopher Wright,Active,+1-555-1537,5790 Elm Dr,Miami,CA,22991,USA,4.4,9,PhD,Salesforce Certified